mission_name,mission_type,frequency,time_interval,validity,weather,score,trantime_cc,order_time,comm_min,comm_max,sunlight
p001,p,3,3,"[[0, 26889], [37691, 86399]]","[[0, 10026], [15187, 39545], [45188, 86399]]",3.0,,,,,"[[5182, 34656]]"
p002,p,3,3,"[[0, 5469], [8385, 16759], [18590, 62553], [65012, 86399]]","[[0, 16827], [18629, 33239], [35041, 86399]]",8.0,,,,,"[[8539, 34312]]"
p003,p,2,0,"[[0, 22493], [26848, 31777], [34608, 56307], [59927, 86399]]","[[0, 72088], [79290, 86399]]",6.0,,,,,"[[6461, 36061]]"
p004,p,3,0,"[[0, 3772], [8511, 26468], [32533, 86399]]","[[0, 9787], [13389, 86399]]",8.0,,,,,"[[6275, 35915]]"
p005,p,3,1,"[[0, 18900], [29702, 86399]]","[[0, 62582], [69784, 86399]]",6.0,,,,,"[[4229, 32455]]"
p006,p,3,0,"[[0, 78308], [81910, 86399]]","[[0, 76309], [83511, 86399]]",7.0,,,,,"[[2456, 30753]]"
p007,p,3,2,"[[0, 31934], [34482, 76564], [81220, 86399]]","[[0, 15992], [17794, 45993], [47795, 86399]]",2.0,,,,,"[[2594, 29893]]"
p008,p,1,0,"[[0, 38463], [42065, 86399]]","[[0, 34529], [37430, 74195], [78498, 86399]]",2.0,,,,,"[[5684, 33732]]"
p009,p,1,1,"[[0, 1006], [3317, 5743], [9631, 60859], [65466, 86399]]","[[0, 14381], [16183, 23549], [25351, 86399]]",4.0,,,,,"[[5121, 33584]]"
p010,p,1,2,"[[0, 41835], [45935, 55501], [60885, 86399]]","[[0, 44764], [46566, 48533], [50335, 86399]]",6.0,,,,,"[[7481, 34560]]"
p011,p,4,1,"[[0, 7365], [18167, 86399]]","[[0, 35691], [38182, 74549], [76830, 86399]]",4.0,,,,,"[[8544, 33330]]"
p012,p,4,0,"[[0, 50371], [57573, 86399]]","[[0, 11389], [18591, 86399]]",8.0,,,,,"[[9732, 34621]]"
p013,p,2,0,"[[0, 7721], [11696, 13030], [15492, 86399]]","[[0, 23387], [34189, 86399]]",2.0,,,,,"[[7649, 35857]]"
p014,p,4,0,"[[0, 6160], [9762, 86399]]","[[0, 6556], [10158, 86399]]",3.0,,,,,"[[7443, 34110]]"
p015,p,1,1,"[[0, 48491], [55693, 86399]]","[[0, 24762], [26773, 40593], [44489, 71746], [76645, 86399]]",3.0,,,,,"[[5020, 34769]]"
p016,p,3,0,"[[0, 71261], [82063, 86399]]","[[0, 51534], [55136, 86399]]",3.0,,,,,"[[8549, 35845]]"
p017,p,3,1,"[[0, 53377], [60579, 86399]]","[[0, 48234], [51004, 80392], [84826, 86399]]",7.0,,,,,"[[5663, 32416]]"
p018,p,3,0,"[[0, 9807], [11609, 76222], [78024, 86399]]","[[0, 56750], [58552, 63662], [65464, 86399]]",7.0,,,,,"[[8663, 36424]]"
p019,p,3,2,"[[0, 10712], [12514, 31413], [33215, 86399]]","[[0, 41806], [45408, 86399]]",2.0,,,,,"[[7641, 32984]]"
p020,p,1,1,"[[0, 57179], [58981, 79302], [81104, 86399]]","[[0, 10836], [21638, 86399]]",2.0,,,,,"[[7943, 32936]]"
p021,p,2,0,"[[0, 4232], [7887, 51126], [53459, 86399]]","[[0, 34745], [36697, 47952], [53204, 86399]]",2.0,,,,,"[[2906, 31455]]"
p022,p,3,0,"[[0, 68515], [72117, 86399]]","[[0, 7238], [9040, 28847], [30649, 86399]]",7.0,,,,,"[[4108, 31600]]"
p023,p,2,1,"[[0, 23989], [25791, 76284], [78086, 86399]]","[[0, 25897], [28444, 58625], [63282, 86399]]",4.0,,,,,"[[3519, 30139]]"
p024,p,2,3,"[[0, 2509], [13311, 86399]]","[[0, 53810], [57922, 67330], [69398, 86399]]",7.0,,,,,"[[7089, 36633]]"
p025,p,1,0,"[[0, 38298], [45500, 86399]]","[[0, 42690], [49892, 86399]]",8.0,,,,,"[[5567, 30354]]"
p026,p,2,0,"[[0, 8389], [15591, 86399]]","[[0, 2025], [4862, 32094], [34061, 36476], [38878, 86399]]",2.0,,,,,"[[5051, 33165]]"
p027,p,4,1,"[[0, 12902], [20104, 86399]]","[[0, 30260], [32062, 42977], [44779, 86399]]",4.0,,,,,"[[5009, 33852]]"
p028,p,2,0,"[[0, 2687], [6289, 86399]]","[[0, 22417], [26224, 53165], [56634, 67791], [71321, 86399]]",3.0,,,,,"[[647, 30378]]"
p029,p,3,0,"[[0, 2982], [7018, 36263], [43031, 86399]]","[[0, 25650], [30943, 42307], [44646, 57399], [60573, 86399]]",7.0,,,,,"[[5416, 34675]]"
p030,p,4,0,"[[0, 71686], [74816, 82214], [86288, 86399]]","[[0, 42408], [45807, 56802], [59230, 66114], [71093, 86399]]",6.0,,,,,"[[2978, 30172]]"
p031,p,2,1,"[[0, 13188], [23413, 86399]]","[[0, 3026], [10228, 86399]]",7.0,,,,,"[[7146, 34720]]"
p032,p,1,1,"[[0, 30717], [32519, 40123], [41925, 86399]]","[[0, 40710], [44103, 76383], [80194, 86399]]",6.0,,,,,"[[10427, 35332]]"
p033,p,3,0,"[[0, 41458], [43260, 81720], [83522, 86399]]","[[0, 872], [6132, 54575], [60119, 86399]]",5.0,,,,,"[[4422, 32028]]"
p034,p,3,1,"[[0, 67515], [78317, 86399]]","[[0, 20872], [24474, 86399]]",8.0,,,,,"[[3787, 31462]]"
p035,p,4,2,"[[0, 20237], [31039, 86399]]","[[0, 44803], [55605, 86399]]",4.0,,,,,"[[3404, 31465]]"
p036,p,3,0,"[[0, 3104], [13906, 86399]]","[[0, 22712], [26314, 86399]]",3.0,,,,,"[[4926, 34375]]"
p037,p,2,0,"[[0, 8818], [10620, 42393], [44195, 86399]]","[[0, 60147], [62856, 67438], [70243, 80505], [85797, 86399]]",6.0,,,,,"[[1505, 29762]]"
p038,p,2,0,"[[0, 57066], [58868, 61646], [63448, 86399]]","[[0, 10294], [15333, 45635], [50451, 86399]]",7.0,,,,,"[[5833, 35488]]"
p039,p,2,2,"[[0, 882], [2684, 68802], [70604, 86399]]","[[0, 8512], [10740, 32572], [36149, 79848], [84849, 86399]]",2.0,,,,,"[[4292, 32030]]"
p040,p,4,2,"[[0, 13579], [24381, 86399]]","[[0, 52072], [59274, 86399]]",4.0,,,,,"[[8165, 34510]]"
p041,p,4,1,"[[0, 27770], [31372, 86399]]","[[0, 38403], [41615, 77694], [85286, 86399]]",4.0,,,,,"[[4297, 30688]]"
p042,p,2,3,"[[0, 72786], [76388, 86399]]","[[0, 42017], [49219, 86399]]",2.0,,,,,"[[4178, 32867]]"
p043,p,4,0,"[[0, 4954], [15756, 86399]]","[[0, 54314], [65116, 86399]]",7.0,,,,,"[[2137, 30048]]"
p044,p,4,2,"[[0, 21504], [24564, 68636], [71750, 86399]]","[[0, 58145], [65347, 86399]]",7.0,,,,,"[[4066, 33781]]"
p045,p,2,3,"[[0, 50874], [54476, 86399]]","[[0, 73566], [84368, 86399]]",7.0,,,,,"[[4271, 29249]]"
p046,p,4,3,"[[0, 21988], [24027, 26984], [29213, 44863], [47801, 86399]]","[[0, 25303], [28748, 42822], [44633, 74268], [76218, 86399]]",7.0,,,,,"[[5368, 34802]]"
p047,p,3,3,"[[0, 71778], [75380, 86399]]","[[0, 2480], [5939, 18206], [20055, 24345], [26243, 86399]]",4.0,,,,,"[[9167, 35656]]"
p048,p,2,0,"[[0, 25591], [27393, 54674], [56476, 86399]]","[[0, 19742], [24194, 79366], [81821, 86399]]",7.0,,,,,"[[6607, 35681]]"
p049,p,1,0,"[[0, 42501], [46095, 64566], [68046, 76525], [80257, 86399]]","[[0, 748], [2785, 22794], [26308, 86399]]",8.0,,,,,"[[4471, 29381]]"
p050,p,4,3,"[[0, 38274], [41403, 76066], [80141, 86399]]","[[0, 60236], [64555, 66659], [69374, 77144], [80916, 86399]]",5.0,,,,,"[[9233, 37416]]"
p051,p,1,1,"[[0, 34309], [41511, 86399]]","[[0, 43771], [47373, 86399]]",5.0,,,,,"[[1631, 29764]]"
p052,p,1,0,"[[0, 7087], [14289, 86399]]","[[0, 35857], [37659, 54175], [55977, 86399]]",5.0,,,,,"[[6096, 35117]]"
p053,p,1,3,"[[0, 30457], [33021, 38874], [47114, 86399]]","[[0, 29642], [33244, 86399]]",4.0,,,,,"[[5790, 34965]]"
p054,p,2,3,"[[0, 3686], [5488, 79479], [81281, 86399]]","[[0, 10329], [12131, 43048], [44850, 86399]]",7.0,,,,,"[[6520, 33863]]"
p055,p,2,0,"[[0, 27484], [30597, 38879], [42242, 61337], [65667, 86399]]","[[0, 24861], [26663, 70517], [72319, 86399]]",4.0,,,,,"[[2012, 29763]]"
p056,p,1,3,"[[0, 67557], [71159, 86399]]","[[0, 28259], [30906, 86399]]",5.0,,,,,"[[2926, 32647]]"
p057,p,3,2,"[[0, 7907], [11509, 86399]]","[[0, 44916], [55718, 86399]]",7.0,,,,,"[[8112, 37757]]"
p058,p,4,1,"[[0, 9460], [13703, 17650], [20651, 49663], [53225, 86399]]","[[0, 39263], [43170, 45013], [48137, 55504], [59279, 86399]]",7.0,,,,,"[[9053, 36414]]"
p059,p,2,2,"[[0, 15505], [20126, 46382], [48355, 63405], [67617, 86399]]","[[0, 25416], [27443, 54716], [59893, 86399]]",8.0,,,,,"[[5264, 34134]]"
p060,p,2,3,"[[0, 24913], [28273, 54724], [58568, 86399]]","[[0, 13012], [20214, 86399]]",2.0,,,,,"[[2917, 31728]]"
p061,p,4,1,"[[0, 9012], [11349, 64492], [66397, 83228], [86192, 86399]]","[[0, 16212], [19566, 22384], [25432, 63630], [68034, 86399]]",8.0,,,,,"[[5065, 34646]]"
p062,p,4,1,"[[0, 18639], [20895, 34925], [39873, 86399]]","[[0, 6087], [9689, 86399]]",6.0,,,,,"[[739, 30129]]"
p063,p,3,2,"[[0, 39436], [50238, 86399]]","[[0, 12077], [22879, 86399]]",4.0,,,,,"[[2778, 28009]]"
p064,p,2,3,"[[0, 74122], [84924, 86399]]","[[0, 35894], [38252, 64741], [68627, 86399]]",2.0,,,,,"[[5127, 32445]]"
p065,p,2,2,"[[0, 65196], [72398, 86399]]","[[0, 29862], [32107, 77416], [82375, 86399]]",6.0,,,,,"[[5578, 31808]]"
p066,p,1,2,"[[0, 58585], [60387, 63234], [65036, 86399]]","[[0, 54272], [65074, 86399]]",5.0,,,,,"[[7660, 34996]]"
p067,p,1,1,"[[0, 58320], [65522, 86399]]","[[0, 31230], [36183, 53168], [59019, 86399]]",8.0,,,,,"[[6284, 35262]]"
p068,p,3,2,"[[0, 21303], [25078, 27064], [34093, 86399]]","[[0, 28199], [31801, 86399]]",4.0,,,,,"[[3000, 32133]]"
p069,p,3,1,"[[0, 30519], [32321, 78516], [80318, 86399]]","[[0, 4301], [15103, 86399]]",4.0,,,,,"[[2435, 29154]]"
p070,p,3,0,"[[0, 4223], [9388, 13905], [16385, 25532], [28693, 86399]]","[[0, 45686], [49288, 86399]]",3.0,,,,,"[[2378, 29006]]"
p071,p,2,1,"[[0, 15551], [18674, 60262], [62126, 74779], [76998, 86399]]","[[0, 57522], [68324, 86399]]",5.0,,,,,"[[10134, 34883]]"
p072,p,1,1,"[[0, 55441], [57243, 57728], [59530, 86399]]","[[0, 16338], [21417, 70380], [76105, 86399]]",4.0,,,,,"[[2823, 29429]]"
p073,p,4,3,"[[0, 36110], [46912, 86399]]","[[0, 10598], [14170, 25876], [29433, 68210], [71887, 86399]]",2.0,,,,,"[[2264, 30331]]"
p074,p,4,2,"[[0, 81891], [85493, 86399]]","[[0, 49454], [56656, 86399]]",5.0,,,,,"[[3937, 30101]]"
p075,p,1,3,"[[0, 63977], [65779, 84169], [85971, 86399]]","[[0, 17085], [20187, 47830], [51932, 86399]]",8.0,,,,,"[[4001, 31014]]"
p076,p,3,2,"[[0, 19153], [20955, 39672], [41474, 86399]]","[[0, 2064], [3866, 84156], [85958, 86399]]",8.0,,,,,"[[5949, 34571]]"
p077,p,3,1,"[[0, 47881], [53186, 65090], [69383, 86399]]","[[0, 61575], [65177, 86399]]",8.0,,,,,"[[9377, 36549]]"
p078,p,3,2,"[[0, 3560], [6088, 44328], [46146, 54422], [57282, 86399]]","[[0, 10200], [17402, 86399]]",8.0,,,,,"[[6712, 34003]]"
p079,p,1,0,"[[0, 47559], [58361, 86399]]","[[0, 63447], [65249, 80337], [82139, 86399]]",8.0,,,,,"[[4688, 33432]]"
p080,p,1,1,"[[0, 31587], [33389, 77431], [79233, 86399]]","[[0, 9735], [12571, 36226], [38694, 80708], [86210, 86399]]",7.0,,,,,"[[2463, 31030]]"
p081,p,3,3,"[[0, 76852], [80454, 86399]]","[[0, 48399], [55601, 86399]]",5.0,,,,,"[[5274, 31370]]"
p082,p,2,3,"[[0, 10240], [13725, 72842], [80161, 86399]]","[[0, 21370], [28572, 86399]]",5.0,,,,,"[[7015, 35008]]"
p083,p,4,1,"[[0, 30593], [34195, 86399]]","[[0, 36658], [39470, 52908], [60900, 86399]]",8.0,,,,,"[[8439, 38172]]"
p084,p,2,0,"[[0, 18715], [23710, 64671], [68412, 86399]]","[[0, 30257], [32059, 80601], [82403, 86399]]",3.0,,,,,"[[2899, 30613]]"
p085,p,4,2,"[[0, 6972], [9205, 33676], [37018, 51504], [56735, 86399]]","[[0, 61832], [64484, 81645], [86197, 86399]]",7.0,,,,,"[[2332, 29901]]"
p086,p,1,3,"[[0, 38521], [42024, 77550], [84851, 86399]]","[[0, 30148], [32186, 35963], [38694, 76707], [82744, 86399]]",6.0,,,,,"[[8584, 35244]]"
p087,p,2,2,"[[0, 7407], [10023, 26751], [28854, 59209], [61696, 86399]]","[[0, 8430], [11116, 32502], [34455, 49790], [52357, 86399]]",2.0,,,,,"[[9532, 34490]]"
p088,p,3,2,"[[0, 32195], [39397, 86399]]","[[0, 41486], [43288, 50458], [52260, 86399]]",7.0,,,,,"[[2654, 30038]]"
p089,p,2,2,"[[0, 48624], [52226, 86399]]","[[0, 18046], [20179, 68639], [73710, 86399]]",2.0,,,,,"[[7004, 32909]]"
p090,p,4,0,"[[0, 46446], [57248, 86399]]","[[0, 51317], [54919, 86399]]",4.0,,,,,"[[3969, 29298]]"
p091,p,1,2,"[[0, 13641], [17987, 21157], [27615, 86399]]","[[0, 5328], [7130, 82107], [83909, 86399]]",6.0,,,,,"[[7192, 33825]]"
p092,p,1,3,"[[0, 43715], [47124, 51111], [54906, 86399]]","[[0, 11614], [13918, 41446], [43839, 82458], [84967, 86399]]",2.0,,,,,"[[5024, 34120]]"
p093,p,4,0,"[[0, 41353], [43746, 55321], [60132, 86399]]","[[0, 4327], [6200, 40467], [43238, 77426], [83588, 86399]]",3.0,,,,,"[[4552, 32025]]"
p094,p,3,2,"[[0, 40480], [42868, 70364], [75180, 86399]]","[[0, 58259], [60589, 69634], [74050, 86399]]",6.0,,,,,"[[4329, 31144]]"
p095,p,3,0,"[[0, 61812], [68778, 86399]]","[[0, 28795], [35997, 86399]]",6.0,,,,,"[[7332, 35433]]"
p096,p,2,2,"[[0, 7880], [10273, 46881], [49287, 52288], [54695, 86399]]","[[0, 17704], [19940, 30972], [33945, 69078], [74675, 86399]]",2.0,,,,,"[[5672, 34956]]"
p097,p,2,3,"[[0, 24007], [29092, 30889], [36608, 86399]]","[[0, 73913], [77515, 86399]]",3.0,,,,,"[[4322, 34062]]"
p098,p,3,3,"[[0, 62560], [73362, 86399]]","[[0, 7423], [12505, 39743], [42096, 54264], [57635, 86399]]",3.0,,,,,"[[1080, 29886]]"
p099,p,1,3,"[[0, 8588], [19390, 86399]]","[[0, 30250], [33259, 57203], [60254, 78606], [83352, 86399]]",5.0,,,,,"[[3468, 31606]]"
p100,p,1,3,"[[0, 25441], [27243, 63181], [64983, 86399]]","[[0, 40054], [47256, 86399]]",3.0,,,,,"[[9724, 36377]]"
p101,p,1,0,"[[0, 64554], [71756, 86399]]","[[0, 50116], [52592, 74259], [78987, 86399]]",5.0,,,,,"[[5945, 33443]]"
p102,p,3,1,"[[0, 67415], [74617, 86399]]","[[0, 50204], [52632, 58089], [62865, 86399]]",3.0,,,,,"[[5810, 35228]]"
p103,p,1,3,"[[0, 21514], [24838, 71401], [75281, 86399]]","[[0, 10236], [13543, 38055], [41002, 52304], [56856, 86399]]",2.0,,,,,"[[2484, 32220]]"
p104,p,4,1,"[[0, 49825], [60627, 86399]]","[[0, 24730], [30095, 30980], [33059, 60783], [64145, 86399]]",2.0,,,,,"[[4465, 31134]]"
p105,p,3,0,"[[0, 71385], [74987, 86399]]","[[0, 31143], [32945, 77646], [79448, 86399]]",4.0,,,,,"[[8699, 37804]]"
p106,p,1,1,"[[0, 24705], [26507, 47908], [49710, 86399]]","[[0, 41503], [48027, 69863], [73888, 86399]]",6.0,,,,,"[[1320, 30827]]"
p107,p,2,3,"[[0, 6361], [9416, 38321], [42470, 86399]]","[[0, 8604], [11335, 43760], [48233, 86399]]",6.0,,,,,"[[5242, 33023]]"
p108,p,4,0,"[[0, 42996], [46598, 86399]]","[[0, 5655], [8528, 58857], [66788, 86399]]",3.0,,,,,"[[8207, 37506]]"
p109,p,1,0,"[[0, 461], [3870, 60904], [62715, 67006], [68992, 86399]]","[[0, 75486], [79088, 86399]]",2.0,,,,,"[[3624, 33354]]"
p110,p,2,0,"[[0, 71022], [78224, 86399]]","[[0, 34848], [37283, 43709], [46668, 86399]]",4.0,,,,,"[[8984, 37411]]"
p111,p,1,1,"[[0, 33700], [35989, 61353], [69868, 86399]]","[[0, 43457], [54259, 86399]]",2.0,,,,,"[[6996, 32429]]"
p112,p,3,2,"[[0, 39506], [42219, 58238], [62729, 86399]]","[[0, 166], [7368, 86399]]",4.0,,,,,"[[1334, 30168]]"
p113,p,1,0,"[[0, 20641], [22983, 40064], [44926, 86399]]","[[0, 15132], [19999, 36181], [42118, 86399]]",4.0,,,,,"[[8919, 37271]]"
p114,p,3,0,"[[0, 1224], [4243, 81493], [85678, 86399]]","[[0, 21539], [24750, 58776], [62769, 86399]]",6.0,,,,,"[[6848, 32450]]"
p115,p,2,2,"[[0, 8693], [15895, 86399]]","[[0, 25952], [28839, 33220], [35377, 58499], [60661, 86399]]",6.0,,,,,"[[8950, 35825]]"
p116,p,4,3,"[[0, 12007], [19209, 86399]]","[[0, 48147], [49949, 75623], [77425, 86399]]",6.0,,,,,"[[3129, 28117]]"
p117,p,3,1,"[[0, 49878], [60680, 86399]]","[[0, 10975], [13181, 48648], [53646, 86399]]",3.0,,,,,"[[2652, 31173]]"
p118,p,1,3,"[[0, 54769], [56571, 75200], [77002, 86399]]","[[0, 43627], [45698, 53065], [55342, 58679], [65137, 86399]]",5.0,,,,,"[[6133, 32531]]"
p119,p,1,2,"[[0, 67343], [69145, 76400], [78202, 86399]]","[[0, 15197], [17592, 62649], [66495, 77340], [81905, 86399]]",4.0,,,,,"[[2184, 28868]]"
p120,p,2,2,"[[0, 13348], [16104, 38459], [42272, 62041], [66278, 86399]]","[[0, 24999], [28601, 86399]]",2.0,,,,,"[[2961, 31040]]"
p121,p,1,0,"[[0, 2979], [6504, 11939], [15189, 86399]]","[[0, 12164], [16003, 54470], [57859, 72790], [76368, 86399]]",8.0,,,,,"[[9380, 34515]]"
p122,p,1,1,"[[0, 20137], [21939, 76463], [78265, 86399]]","[[0, 9408], [11919, 37641], [45934, 86399]]",4.0,,,,,"[[1695, 29905]]"
p123,p,4,3,"[[0, 2072], [5256, 27792], [31205, 39082], [43291, 86399]]","[[0, 39156], [42758, 86399]]",6.0,,,,,"[[5761, 34427]]"
p124,p,1,1,"[[0, 6717], [17519, 86399]]","[[0, 6992], [10594, 86399]]",2.0,,,,,"[[3717, 33105]]"
p125,p,2,2,"[[0, 57344], [61921, 71684], [77911, 86399]]","[[0, 38], [3077, 31266], [35431, 86399]]",2.0,,,,,"[[9447, 35630]]"
p126,p,3,0,"[[0, 67993], [71595, 86399]]","[[0, 18044], [21646, 86399]]",6.0,,,,,"[[9279, 34694]]"
p127,p,3,2,"[[0, 9302], [11104, 66207], [68009, 86399]]","[[0, 626], [3713, 48597], [50542, 79817], [81991, 86399]]",7.0,,,,,"[[1027, 30017]]"
p128,p,3,0,"[[0, 54895], [58497, 86399]]","[[0, 6473], [11155, 76736], [82858, 86399]]",2.0,,,,,"[[2972, 31594]]"
p129,p,3,3,"[[0, 7981], [18783, 86399]]","[[0, 1836], [4678, 80733], [85095, 86399]]",6.0,,,,,"[[995, 30410]]"
p130,p,4,3,"[[0, 24186], [27404, 34086], [41672, 86399]]","[[0, 56738], [63940, 86399]]",2.0,,,,,"[[4578, 34343]]"
p131,p,2,0,"[[0, 51216], [53072, 76321], [85269, 86399]]","[[0, 44348], [47950, 86399]]",3.0,,,,,"[[5144, 34127]]"
p132,p,4,0,"[[0, 56292], [63494, 86399]]","[[0, 71198], [78400, 86399]]",4.0,,,,,"[[10828, 35595]]"
p133,p,2,1,"[[0, 1440], [5432, 46365], [53177, 86399]]","[[0, 34571], [41773, 86399]]",8.0,,,,,"[[4037, 32032]]"
p134,p,3,1,"[[0, 56718], [58520, 59108], [60910, 86399]]","[[0, 16052], [26854, 86399]]",8.0,,,,,"[[1349, 30436]]"
p135,p,2,3,"[[0, 28021], [35223, 86399]]","[[0, 35057], [36859, 80710], [82512, 86399]]",2.0,,,,,"[[5614, 31489]]"
p136,p,3,2,"[[0, 75715], [77613, 86399]]","[[0, 35101], [36903, 70196], [71998, 86399]]",6.0,,,,,"[[1127, 29477]]"
p137,p,1,2,"[[0, 1273], [8475, 86399]]","[[0, 5991], [9178, 19896], [27513, 86399]]",7.0,,,,,"[[2689, 28665]]"
p138,p,3,0,"[[0, 6482], [10084, 86399]]","[[0, 21884], [23686, 33226], [35028, 86399]]",5.0,,,,,"[[6066, 34298]]"
p139,p,2,0,"[[0, 8363], [12685, 47821], [50671, 77590], [81224, 86399]]","[[0, 62417], [65916, 75184], [77811, 86399]]",5.0,,,,,"[[4431, 31736]]"
p140,p,1,0,"[[0, 17265], [19337, 76494], [78643, 86399]]","[[0, 46449], [50051, 86399]]",7.0,,,,,"[[8093, 33889]]"
p141,p,3,3,"[[0, 11359], [13161, 80975], [82777, 86399]]","[[0, 51846], [55448, 86399]]",7.0,,,,,"[[1437, 30837]]"
p142,p,1,1,"[[0, 44461], [55263, 86399]]","[[0, 50446], [52375, 58886], [61365, 78647], [81445, 86399]]",5.0,,,,,"[[5141, 32147]]"
p143,p,4,3,"[[0, 25130], [28639, 43423], [46677, 86399]]","[[0, 37977], [41579, 86399]]",3.0,,,,,"[[2581, 30473]]"
p144,p,2,2,"[[0, 50944], [52746, 62440], [64242, 86399]]","[[0, 11406], [13208, 25317], [27119, 86399]]",5.0,,,,,"[[809, 30265]]"
p145,p,1,1,"[[0, 8935], [12827, 35991], [38543, 52310], [56672, 86399]]","[[0, 51831], [56910, 86399]]",5.0,,,,,"[[5748, 33874]]"
p146,p,2,3,"[[0, 7894], [18696, 86399]]","[[0, 14667], [25469, 86399]]",6.0,,,,,"[[7691, 33140]]"
p147,p,3,1,"[[0, 65859], [67661, 83977], [85779, 86399]]","[[0, 58341], [62963, 68554], [71493, 73961], [77206, 86399]]",2.0,,,,,"[[8029, 36141]]"
p148,p,3,2,"[[0, 79744], [83346, 86399]]","[[0, 45149], [55951, 86399]]",6.0,,,,,"[[5507, 34145]]"
p149,p,3,3,"[[0, 58427], [65629, 86399]]","[[0, 55103], [65905, 86399]]",7.0,,,,,"[[3869, 32718]]"
p150,p,3,3,"[[0, 42075], [49277, 86399]]","[[0, 50975], [54345, 59547], [63381, 86399]]",7.0,,,,,"[[2834, 30756]]"
p151,p,2,0,"[[0, 77481], [81083, 86399]]","[[0, 56206], [63408, 86399]]",4.0,,,,,"[[8685, 33804]]"
p152,p,2,0,"[[0, 45207], [47009, 64153], [65955, 86399]]","[[0, 48872], [50674, 74842], [76644, 86399]]",7.0,,,,,"[[8861, 37408]]"
p153,p,4,3,"[[0, 36429], [38231, 64363], [66165, 86399]]","[[0, 59056], [60858, 75017], [76819, 86399]]",5.0,,,,,"[[3494, 32430]]"
p154,p,4,0,"[[0, 68156], [69958, 76133], [77935, 86399]]","[[0, 67421], [71999, 77817], [82065, 86399]]",6.0,,,,,"[[2517, 30614]]"
p155,p,1,2,"[[0, 40001], [47203, 86399]]","[[0, 13436], [15500, 21373], [23761, 24302], [27056, 86399]]",3.0,,,,,"[[6703, 32469]]"
p156,p,2,2,"[[0, 12145], [15471, 29574], [33452, 86399]]","[[0, 6673], [8475, 62405], [64207, 86399]]",7.0,,,,,"[[7555, 37319]]"
p157,p,3,1,"[[0, 17153], [18973, 48512], [52833, 63543], [68208, 86399]]","[[0, 50867], [58069, 86399]]",5.0,,,,,"[[2408, 31164]]"
p158,p,4,0,"[[0, 31416], [35545, 36868], [43543, 86399]]","[[0, 8975], [19777, 86399]]",8.0,,,,,"[[6197, 33727]]"
p159,p,1,2,"[[0, 3360], [5162, 26608], [28410, 86399]]","[[0, 50482], [52797, 77391], [82280, 86399]]",2.0,,,,,"[[6245, 32829]]"
p160,p,2,2,"[[0, 45509], [49111, 86399]]","[[0, 39166], [40968, 68321], [70123, 86399]]",8.0,,,,,"[[6833, 36353]]"
p161,p,1,2,"[[0, 7658], [10604, 73389], [77647, 86399]]","[[0, 44725], [48327, 86399]]",4.0,,,,,"[[2302, 31425]]"
p162,p,3,3,"[[0, 62468], [65551, 69572], [73693, 86399]]","[[0, 22275], [24077, 78444], [80246, 86399]]",5.0,,,,,"[[8550, 37260]]"
p163,p,3,3,"[[0, 34730], [36973, 37322], [42283, 86399]]","[[0, 658], [11460, 86399]]",4.0,,,,,"[[1252, 29479]]"
p164,p,2,2,"[[0, 17088], [19176, 59638], [61577, 70456], [73635, 86399]]","[[0, 38090], [41532, 62311], [64113, 71576], [73538, 86399]]",3.0,,,,,"[[3978, 31603]]"
p165,p,2,1,"[[0, 7858], [12298, 63070], [65247, 69948], [74137, 86399]]","[[0, 56357], [58159, 60461], [62263, 86399]]",7.0,,,,,"[[1147, 30024]]"
p166,p,1,3,"[[0, 12941], [16543, 86399]]","[[0, 41371], [44995, 54509], [61689, 86399]]",3.0,,,,,"[[9489, 37131]]"
p167,p,1,0,"[[0, 30390], [33992, 86399]]","[[0, 8816], [16018, 86399]]",3.0,,,,,"[[1716, 31378]]"
p168,p,2,3,"[[0, 45725], [48631, 63716], [68014, 86399]]","[[0, 36506], [39584, 78977], [83103, 86399]]",3.0,,,,,"[[6076, 33438]]"
p169,p,2,1,"[[0, 69237], [79376, 86399]]","[[0, 36890], [39883, 69493], [77304, 86399]]",7.0,,,,,"[[3922, 29628]]"
p170,p,2,2,"[[0, 20492], [24044, 86399]]","[[0, 75861], [83367, 86399]]",5.0,,,,,"[[8238, 33383]]"
p171,p,1,1,"[[0, 69794], [71844, 76165], [84919, 86399]]","[[0, 8308], [10259, 67768], [73021, 86399]]",7.0,,,,,"[[8788, 34600]]"
p172,p,3,3,"[[0, 51992], [62476, 86399]]","[[0, 10264], [13071, 39724], [42352, 44266], [49637, 86399]]",5.0,,,,,"[[6787, 36477]]"
p173,p,2,3,"[[0, 42769], [44571, 52330], [54132, 86399]]","[[0, 17403], [19205, 34868], [36670, 86399]]",3.0,,,,,"[[5603, 34820]]"
p174,p,1,3,"[[0, 5000], [8510, 35718], [37562, 39393], [41245, 86399]]","[[0, 42820], [46193, 70312], [72125, 74743], [76763, 86399]]",6.0,,,,,"[[2585, 30185]]"
p175,p,4,2,"[[0, 24744], [26546, 29950], [31752, 86399]]","[[0, 8567], [12169, 86399]]",4.0,,,,,"[[2105, 29025]]"
p176,p,1,0,"[[0, 57122], [64324, 86399]]","[[0, 18460], [25662, 86399]]",5.0,,,,,"[[1972, 31659]]"
p177,p,2,2,"[[0, 65917], [69519, 86399]]","[[0, 5095], [8697, 86399]]",3.0,,,,,"[[5527, 32425]]"
p178,p,3,0,"[[0, 76854], [84056, 86399]]","[[0, 1585], [12387, 86399]]",8.0,,,,,"[[8527, 35095]]"
p179,p,1,3,"[[0, 49883], [53485, 86399]]","[[0, 66281], [69883, 86399]]",5.0,,,,,"[[878, 30400]]"
p180,p,2,1,"[[0, 12843], [15469, 45509], [50087, 86399]]","[[0, 8946], [11843, 22901], [24921, 63824], [66113, 86399]]",3.0,,,,,"[[9511, 36542]]"
p181,p,3,3,"[[0, 41349], [43151, 75080], [76882, 86399]]","[[0, 27156], [28958, 34359], [36161, 86399]]",6.0,,,,,"[[3884, 30720]]"
p182,p,4,0,"[[0, 21062], [22864, 38857], [40659, 86399]]","[[0, 19822], [23424, 86399]]",4.0,,,,,"[[5251, 34792]]"
p183,p,3,1,"[[0, 1523], [3325, 84343], [86145, 86399]]","[[0, 78083], [85285, 86399]]",2.0,,,,,"[[8044, 35276]]"
p184,p,2,2,"[[0, 33768], [35570, 38148], [39950, 86399]]","[[0, 50436], [54038, 86399]]",7.0,,,,,"[[5535, 34683]]"
p185,p,1,2,"[[0, 43084], [46418, 59937], [63807, 86399]]","[[0, 81442], [85044, 86399]]",8.0,,,,,"[[8157, 35856]]"
p186,p,2,0,"[[0, 57265], [59256, 71137], [76350, 86399]]","[[0, 14398], [16200, 22447], [24249, 86399]]",6.0,,,,,"[[3695, 33489]]"
p187,p,2,3,"[[0, 27083], [30263, 60506], [62397, 78563], [80698, 86399]]","[[0, 29208], [40010, 86399]]",8.0,,,,,"[[1251, 30691]]"
p188,p,4,3,"[[0, 41176], [44506, 75662], [79536, 86399]]","[[0, 33143], [34957, 43142], [45169, 55651], [59016, 86399]]",5.0,,,,,"[[8933, 34581]]"
p189,p,4,2,"[[0, 26011], [29218, 57100], [61097, 86399]]","[[0, 581], [3838, 52024], [55971, 86399]]",3.0,,,,,"[[6950, 36363]]"
p190,p,2,3,"[[0, 11912], [15431, 68237], [71922, 86399]]","[[0, 45975], [47777, 76350], [78152, 86399]]",2.0,,,,,"[[8607, 37125]]"
p191,p,3,3,"[[0, 51712], [54910, 57376], [60382, 86399]]","[[0, 61752], [72554, 86399]]",4.0,,,,,"[[1705, 29044]]"
p192,p,2,0,"[[0, 4192], [7590, 44067], [45906, 47457], [49426, 86399]]","[[0, 30395], [41197, 86399]]",7.0,,,,,"[[3926, 31166]]"
p193,p,1,3,"[[0, 52501], [59703, 86399]]","[[0, 24003], [25805, 42041], [43843, 86399]]",6.0,,,,,"[[1792, 30862]]"
p194,p,4,3,"[[0, 27212], [29295, 32815], [34805, 86399]]","[[0, 49524], [60326, 86399]]",7.0,,,,,"[[2796, 28968]]"
p195,p,1,0,"[[0, 5718], [10055, 46691], [48948, 53132], [57344, 86399]]","[[0, 54283], [61485, 86399]]",3.0,,,,,"[[8649, 37933]]"
p196,p,4,3,"[[0, 25168], [35970, 86399]]","[[0, 13994], [18763, 32534], [38569, 86399]]",3.0,,,,,"[[8177, 35270]]"
p197,p,3,0,"[[0, 3762], [6436, 79707], [84237, 86399]]","[[0, 23697], [30899, 86399]]",7.0,,,,,"[[4102, 31889]]"
p198,p,4,3,"[[0, 755], [3220, 66946], [71685, 86399]]","[[0, 71325], [82127, 86399]]",4.0,,,,,"[[3095, 31599]]"
p199,p,3,3,"[[0, 990], [4069, 4351], [6232, 78254], [80500, 86399]]","[[0, 8800], [12291, 73329], [78701, 86399]]",8.0,,,,,"[[4135, 31006]]"
p200,p,1,3,"[[0, 7697], [11819, 59976], [66658, 86399]]","[[0, 51825], [59027, 86399]]",2.0,,,,,"[[3871, 28985]]"
p201,p,1,2,"[[0, 66990], [74192, 86399]]","[[0, 39332], [42139, 77274], [81671, 86399]]",4.0,,,,,"[[4974, 34248]]"
p202,p,3,2,"[[0, 58254], [69056, 86399]]","[[0, 19200], [22802, 86399]]",6.0,,,,,"[[6825, 34866]]"
p203,p,2,3,"[[0, 54966], [65768, 86399]]","[[0, 9489], [11643, 23313], [28363, 86399]]",7.0,,,,,"[[1402, 30306]]"
p204,p,2,2,"[[0, 21403], [32205, 86399]]","[[0, 35814], [37616, 79718], [81520, 86399]]",5.0,,,,,"[[5485, 34811]]"
p205,p,3,2,"[[0, 47145], [51558, 78414], [80521, 86399]]","[[0, 24916], [28518, 86399]]",6.0,,,,,"[[8556, 34783]]"
p206,p,4,1,"[[0, 16115], [17917, 54749], [56551, 86399]]","[[0, 1699], [4572, 7865], [9809, 68078], [70467, 86399]]",5.0,,,,,"[[3974, 29781]]"
p207,p,3,0,"[[0, 7453], [12263, 61210], [63527, 79210], [82889, 86399]]","[[0, 30434], [34036, 86399]]",8.0,,,,,"[[8220, 34660]]"
p208,p,3,2,"[[0, 20263], [24889, 74564], [80742, 86399]]","[[0, 19022], [23166, 63362], [65366, 86399]]",8.0,,,,,"[[4718, 29670]]"
p209,p,3,1,"[[0, 72084], [82886, 86399]]","[[0, 53905], [56383, 75451], [80177, 86399]]",8.0,,,,,"[[8739, 37403]]"
p210,p,1,1,"[[0, 9395], [11197, 29067], [30869, 86399]]","[[0, 29991], [33223, 33426], [37398, 86399]]",5.0,,,,,"[[5133, 31384]]"
p211,p,1,3,"[[0, 4358], [7494, 71780], [73748, 80330], [82432, 86399]]","[[0, 9467], [11586, 30843], [35928, 86399]]",2.0,,,,,"[[6893, 35286]]"
p212,p,1,0,"[[0, 4720], [8322, 86399]]","[[0, 11642], [13444, 44710], [46512, 86399]]",5.0,,,,,"[[1631, 29480]]"
p213,p,4,1,"[[0, 71105], [81907, 86399]]","[[0, 59196], [62798, 86399]]",5.0,,,,,"[[5299, 31833]]"
p214,p,4,1,"[[0, 27382], [29964, 68441], [76663, 86399]]","[[0, 3718], [5520, 49658], [51460, 86399]]",2.0,,,,,"[[4119, 31306]]"
p215,p,1,2,"[[0, 27588], [31190, 86399]]","[[0, 10129], [11931, 13722], [15524, 86399]]",8.0,,,,,"[[2784, 31451]]"
p216,p,1,1,"[[0, 66782], [73984, 86399]]","[[0, 35226], [38828, 86399]]",3.0,,,,,"[[3661, 32028]]"
p217,p,1,2,"[[0, 38579], [49381, 86399]]","[[0, 3463], [6892, 77953], [81728, 86399]]",3.0,,,,,"[[6381, 34441]]"
p218,p,1,2,"[[0, 3369], [6825, 8194], [11841, 24129], [27832, 86399]]","[[0, 19760], [23808, 34164], [36236, 55367], [60053, 86399]]",5.0,,,,,"[[1368, 30701]]"
p219,p,3,1,"[[0, 19106], [22708, 86399]]","[[0, 23855], [31057, 86399]]",5.0,,,,,"[[7212, 35709]]"
p220,p,4,3,"[[0, 978], [4095, 26518], [28352, 48482], [50737, 86399]]","[[0, 51474], [53276, 75323], [77125, 86399]]",2.0,,,,,"[[3721, 31606]]"
p221,p,4,0,"[[0, 21138], [22940, 64493], [66295, 86399]]","[[0, 2055], [4167, 28301], [33393, 86399]]",5.0,,,,,"[[6108, 32839]]"
p222,p,3,2,"[[0, 39373], [50175, 86399]]","[[0, 72970], [83772, 86399]]",3.0,,,,,"[[2474, 31302]]"
p223,p,2,1,"[[0, 38256], [42266, 70863], [74999, 86399]]","[[0, 8023], [15225, 86399]]",4.0,,,,,"[[5623, 33872]]"
p224,p,2,3,"[[0, 5115], [15917, 86399]]","[[0, 36533], [38335, 82967], [84769, 86399]]",4.0,,,,,"[[7791, 32961]]"
p225,p,2,0,"[[0, 40462], [44064, 86399]]","[[0, 4307], [8452, 68196], [74855, 86399]]",5.0,,,,,"[[5693, 35218]]"
p226,p,2,0,"[[0, 16060], [19598, 29875], [33541, 86399]]","[[0, 24320], [31522, 86399]]",8.0,,,,,"[[3911, 31748]]"
p227,p,1,0,"[[0, 61044], [63380, 68381], [73249, 86399]]","[[0, 939], [3002, 19853], [24994, 86399]]",5.0,,,,,"[[9919, 36515]]"
p228,p,1,1,"[[0, 19865], [21924, 29906], [32107, 61556], [64502, 86399]]","[[0, 5976], [12596, 29009], [32841, 86399]]",6.0,,,,,"[[3538, 32024]]"
p229,p,2,2,"[[0, 78634], [85836, 86399]]","[[0, 22846], [24648, 49022], [50824, 86399]]",2.0,,,,,"[[2827, 28165]]"
p230,p,3,2,"[[0, 1138], [2940, 70574], [72376, 86399]]","[[0, 14134], [16292, 32127], [34479, 67209], [69905, 86399]]",5.0,,,,,"[[2997, 32781]]"
p231,p,3,1,"[[0, 7691], [10188, 22890], [24857, 68084], [70826, 86399]]","[[0, 5609], [10756, 16738], [22395, 86399]]",3.0,,,,,"[[2730, 27852]]"
p232,p,3,0,"[[0, 2731], [6473, 22731], [25957, 75694], [79532, 86399]]","[[0, 12563], [23365, 86399]]",8.0,,,,,"[[6600, 32161]]"
p233,p,4,1,"[[0, 2564], [5731, 86399]]","[[0, 50149], [54778, 86399]]",7.0,,,,,"[[8672, 37264]]"
p234,p,4,3,"[[0, 49235], [60037, 86399]]","[[0, 47621], [50262, 57716], [62279, 86399]]",3.0,,,,,"[[3461, 32824]]"
p235,p,1,3,"[[0, 37434], [41064, 48948], [52383, 74340], [78081, 86399]]","[[0, 19629], [22100, 25822], [30555, 86399]]",2.0,,,,,"[[5368, 33307]]"
p236,p,4,2,"[[0, 49956], [53558, 86399]]","[[0, 6567], [10691, 35729], [38360, 71176], [75227, 86399]]",6.0,,,,,"[[4047, 30401]]"
p237,p,4,1,"[[0, 16044], [17846, 61161], [62963, 86399]]","[[0, 37214], [41291, 56866], [59652, 69556], [73499, 86399]]",3.0,,,,,"[[2460, 28845]]"
p238,p,3,3,"[[0, 78405], [85607, 86399]]","[[0, 53823], [55625, 60283], [62085, 86399]]",3.0,,,,,"[[3867, 31021]]"
p239,p,3,1,"[[0, 61497], [68699, 86399]]","[[0, 26529], [33731, 86399]]",3.0,,,,,"[[5495, 33307]]"
p240,p,4,2,"[[0, 56873], [60475, 86399]]","[[0, 37265], [39713, 40805], [45561, 86399]]",8.0,,,,,"[[5197, 33996]]"
p241,p,2,3,"[[0, 64531], [71733, 86399]]","[[0, 33697], [37299, 86399]]",5.0,,,,,"[[1965, 30738]]"
p242,p,3,3,"[[0, 48120], [49922, 62279], [64081, 86399]]","[[0, 81480], [85082, 86399]]",7.0,,,,,"[[2919, 30027]]"
p243,p,3,3,"[[0, 29462], [33035, 57633], [60828, 62109], [66147, 86399]]","[[0, 33098], [37901, 66848], [72849, 86399]]",5.0,,,,,"[[3734, 31027]]"
p244,p,1,1,"[[0, 31886], [36708, 67933], [71217, 86399]]","[[0, 1913], [3851, 21373], [29047, 86399]]",4.0,,,,,"[[8697, 34769]]"
p245,p,4,3,"[[0, 74969], [76771, 81304], [83106, 86399]]","[[0, 74143], [81345, 86399]]",8.0,,,,,"[[8410, 36140]]"
p246,p,1,2,"[[0, 18745], [20547, 72331], [74133, 86399]]","[[0, 1193], [2995, 52883], [54685, 86399]]",5.0,,,,,"[[3577, 28538]]"
p247,p,4,0,"[[0, 59312], [61687, 72112], [74083, 86399]]","[[0, 25153], [27102, 51022], [59877, 86399]]",2.0,,,,,"[[5441, 34006]]"
p248,p,3,1,"[[0, 26993], [34195, 86399]]","[[0, 21703], [26867, 44584], [48253, 86399]]",3.0,,,,,"[[3340, 31323]]"
p249,p,2,0,"[[0, 12437], [17663, 57807], [63385, 86399]]","[[0, 2463], [5899, 26060], [27895, 67672], [69607, 86399]]",4.0,,,,,"[[7909, 36417]]"
p250,p,4,1,"[[0, 40962], [44564, 86399]]","[[0, 29735], [31537, 75701], [77503, 86399]]",3.0,,,,,"[[4267, 29742]]"
p251,p,3,2,"[[0, 52725], [56327, 86399]]","[[0, 72826], [80028, 86399]]",2.0,,,,,"[[720, 29865]]"
p252,p,1,3,"[[0, 16482], [27284, 86399]]","[[0, 2328], [5793, 68477], [73871, 86399]]",5.0,,,,,"[[1821, 29622]]"
p253,p,1,3,"[[0, 35518], [38061, 50420], [55081, 86399]]","[[0, 107], [3239, 44292], [51964, 86399]]",8.0,,,,,"[[8312, 35262]]"
p254,p,4,3,"[[0, 80342], [83944, 86399]]","[[0, 20241], [25133, 50554], [52721, 64079], [67826, 86399]]",7.0,,,,,"[[6675, 35817]]"
p255,p,3,0,"[[0, 16742], [18544, 73709], [75511, 86399]]","[[0, 72847], [80049, 86399]]",2.0,,,,,"[[5718, 35477]]"
p256,p,4,0,"[[0, 51986], [53788, 69662], [71464, 86399]]","[[0, 17099], [20074, 74072], [78301, 86399]]",6.0,,,,,"[[5057, 32593]]"
p257,p,1,0,"[[0, 37120], [39656, 81175], [85843, 86399]]","[[0, 40297], [43899, 86399]]",2.0,,,,,"[[4926, 33164]]"
p258,p,3,2,"[[0, 65742], [76544, 86399]]","[[0, 6529], [9433, 17068], [21368, 86399]]",2.0,,,,,"[[9485, 34331]]"
p259,p,4,1,"[[0, 6701], [9354, 37423], [40340, 67156], [72392, 86399]]","[[0, 16350], [19500, 23816], [31470, 86399]]",6.0,,,,,"[[3125, 28609]]"
p260,p,4,0,"[[0, 49834], [60636, 86399]]","[[0, 59286], [62788, 62805], [66507, 86399]]",3.0,,,,,"[[1884, 29764]]"
p261,p,3,1,"[[0, 75610], [79212, 86399]]","[[0, 19824], [27026, 86399]]",2.0,,,,,"[[8972, 35519]]"
p262,p,3,2,"[[0, 51006], [54608, 86399]]","[[0, 29408], [31446, 53293], [55293, 67222], [73990, 86399]]",7.0,,,,,"[[7968, 36280]]"
p263,p,1,3,"[[0, 47025], [54227, 86399]]","[[0, 12304], [15726, 33114], [34945, 66107], [68060, 86399]]",4.0,,,,,"[[3880, 33635]]"
p264,p,4,2,"[[0, 29384], [32940, 34895], [36698, 45193], [47040, 86399]]","[[0, 56102], [59668, 78397], [82035, 86399]]",6.0,,,,,"[[7889, 33273]]"
p265,p,4,2,"[[0, 29324], [33097, 61270], [63921, 86399]]","[[0, 15942], [19544, 86399]]",5.0,,,,,"[[3736, 32441]]"
p266,p,3,2,"[[0, 47176], [57978, 86399]]","[[0, 3194], [7064, 15835], [18272, 54376], [58875, 86399]]",3.0,,,,,"[[4169, 31744]]"
p267,p,1,3,"[[0, 18920], [22008, 64311], [66335, 70078], [72172, 86399]]","[[0, 5039], [6841, 83872], [85674, 86399]]",5.0,,,,,"[[6216, 35124]]"
p268,p,3,3,"[[0, 10108], [11910, 58935], [60737, 86399]]","[[0, 12886], [15045, 68889], [71226, 82600], [85310, 86399]]",5.0,,,,,"[[3624, 28696]]"
p269,p,1,1,"[[0, 15249], [18008, 25865], [30310, 86399]]","[[0, 44609], [55411, 86399]]",7.0,,,,,"[[4989, 32739]]"
p270,p,3,0,"[[0, 65027], [72229, 86399]]","[[0, 54289], [57891, 86399]]",5.0,,,,,"[[3472, 31885]]"
p271,p,4,1,"[[0, 23605], [27207, 86399]]","[[0, 42794], [49996, 86399]]",2.0,,,,,"[[5385, 34140]]"
p272,p,2,0,"[[0, 60761], [71563, 86399]]","[[0, 36032], [43234, 86399]]",3.0,,,,,"[[8041, 36695]]"
p273,p,1,3,"[[0, 48316], [51503, 51836], [53706, 56981], [59130, 86399]]","[[0, 7807], [12418, 69495], [75688, 86399]]",3.0,,,,,"[[8418, 36982]]"
p274,p,2,0,"[[0, 47784], [51386, 86399]]","[[0, 48215], [50017, 83761], [85563, 86399]]",6.0,,,,,"[[2518, 30330]]"
p275,p,1,3,"[[0, 6998], [8800, 78138], [79940, 86399]]","[[0, 1809], [3611, 59563], [61365, 86399]]",7.0,,,,,"[[3657, 30128]]"
p276,p,4,2,"[[0, 752], [2554, 80532], [82334, 86399]]","[[0, 72091], [82893, 86399]]",7.0,,,,,"[[4865, 32453]]"
p277,p,1,2,"[[0, 25], [5106, 11654], [17377, 86399]]","[[0, 61206], [72008, 86399]]",2.0,,,,,"[[4223, 30068]]"
p278,p,2,2,"[[0, 35499], [38573, 71300], [75430, 86399]]","[[0, 24043], [25845, 51995], [53797, 86399]]",2.0,,,,,"[[3171, 30312]]"
p279,p,1,0,"[[0, 60929], [63267, 69929], [74795, 86399]]","[[0, 27970], [30854, 57839], [59645, 60686], [63202, 86399]]",7.0,,,,,"[[8155, 36142]]"
p280,p,2,3,"[[0, 13104], [18619, 74594], [78394, 86399]]","[[0, 34520], [38122, 86399]]",6.0,,,,,"[[1214, 30161]]"
p281,p,3,3,"[[0, 16072], [17874, 80856], [82658, 86399]]","[[0, 2077], [5679, 86399]]",2.0,,,,,"[[5007, 32154]]"
p282,p,4,1,"[[0, 7815], [12739, 70817], [76697, 86399]]","[[0, 48174], [55376, 86399]]",4.0,,,,,"[[5024, 31083]]"
p283,p,1,3,"[[0, 53372], [56032, 57178], [61722, 86399]]","[[0, 13667], [17269, 86399]]",5.0,,,,,"[[6717, 36342]]"
p284,p,1,3,"[[0, 19652], [26854, 86399]]","[[0, 41528], [45262, 62919], [65799, 73589], [77781, 86399]]",4.0,,,,,"[[3834, 33114]]"
p285,p,3,0,"[[0, 11336], [15401, 32655], [34902, 38526], [43020, 86399]]","[[0, 58974], [69776, 86399]]",7.0,,,,,"[[6812, 36091]]"
p286,p,4,2,"[[0, 12997], [14799, 29611], [31413, 86399]]","[[0, 4693], [8219, 8779], [12002, 86399]]",3.0,,,,,"[[8979, 36850]]"
p287,p,4,0,"[[0, 6105], [10559, 31983], [37836, 86399]]","[[0, 23343], [27723, 59442], [65866, 86399]]",3.0,,,,,"[[4515, 30030]]"
p288,p,3,2,"[[0, 15598], [22800, 86399]]","[[0, 10401], [12612, 47736], [56329, 86399]]",8.0,,,,,"[[5369, 33589]]"
p289,p,1,0,"[[0, 34276], [45078, 86399]]","[[0, 46043], [56845, 86399]]",8.0,,,,,"[[2906, 30322]]"
p290,p,4,1,"[[0, 36039], [37841, 54141], [55943, 86399]]","[[0, 46783], [49820, 56275], [64042, 86399]]",7.0,,,,,"[[2745, 31852]]"
p291,p,3,1,"[[0, 183], [3342, 20686], [24250, 86399]]","[[0, 34100], [37160, 80161], [85929, 86399]]",5.0,,,,,"[[5686, 33448]]"
p292,p,3,1,"[[0, 41392], [52194, 86399]]","[[0, 40387], [43989, 86399]]",7.0,,,,,"[[6392, 34996]]"
p293,p,2,3,"[[0, 6881], [9957, 23492], [27620, 86399]]","[[0, 64155], [66621, 71421], [79759, 86399]]",4.0,,,,,"[[6385, 34721]]"
p294,p,1,0,"[[0, 23128], [26559, 46940], [54313, 86399]]","[[0, 29057], [30859, 32384], [34186, 86399]]",3.0,,,,,"[[8287, 36703]]"
p295,p,1,2,"[[0, 25655], [29257, 86399]]","[[0, 25747], [29028, 66401], [68319, 77419], [79426, 86399]]",3.0,,,,,"[[8157, 36423]]"
p296,p,1,2,"[[0, 19465], [22631, 55600], [57560, 67225], [69305, 86399]]","[[0, 8354], [12495, 63502], [70165, 86399]]",6.0,,,,,"[[8484, 38049]]"
p297,p,1,2,"[[0, 22428], [26030, 86399]]","[[0, 52610], [55241, 65084], [73257, 86399]]",3.0,,,,,"[[8360, 34647]]"
p298,p,3,3,"[[0, 6415], [8879, 86399]]","[[0, 6354], [8591, 36864], [40707, 62274], [67000, 86399]]",2.0,,,,,"[[7610, 33787]]"
p299,p,1,2,"[[0, 9985], [13587, 86399]]","[[0, 45030], [48632, 86399]]",2.0,,,,,"[[3742, 29965]]"
p300,p,3,2,"[[0, 35757], [39359, 86399]]","[[0, 71287], [78489, 86399]]",3.0,,,,,"[[6702, 34295]]"
p301,p,1,1,"[[0, 55790], [57592, 77660], [79462, 86399]]","[[0, 37648], [48450, 86399]]",2.0,,,,,"[[7721, 35141]]"
p302,p,3,1,"[[0, 23317], [27904, 42552], [48769, 86399]]","[[0, 24766], [28368, 86399]]",4.0,,,,,"[[1757, 29764]]"
p303,p,3,1,"[[0, 27465], [30198, 45657], [47460, 76557], [79227, 86399]]","[[0, 34600], [37499, 43203], [51108, 86399]]",5.0,,,,,"[[2707, 30756]]"
p304,p,1,1,"[[0, 5860], [7759, 38268], [41401, 41889], [47663, 86399]]","[[0, 17723], [19802, 74528], [79653, 86399]]",5.0,,,,,"[[4111, 33657]]"
p305,p,3,0,"[[0, 9894], [12155, 47265], [49417, 86399]]","[[0, 12732], [16833, 40047], [41926, 50504], [55330, 86399]]",7.0,,,,,"[[4047, 31456]]"
p306,p,2,1,"[[0, 24633], [35435, 86399]]","[[0, 61033], [71835, 86399]]",6.0,,,,,"[[10570, 35804]]"
p307,p,4,3,"[[0, 36454], [38800, 48143], [56601, 86399]]","[[0, 1122], [11924, 86399]]",3.0,,,,,"[[3600, 33095]]"
p308,p,3,3,"[[0, 57168], [59135, 76126], [84963, 86399]]","[[0, 15974], [23176, 86399]]",5.0,,,,,"[[4664, 30008]]"
p309,p,2,3,"[[0, 19541], [23139, 29250], [32856, 86399]]","[[0, 42082], [52884, 86399]]",3.0,,,,,"[[10874, 35754]]"
p310,p,2,3,"[[0, 33515], [35317, 62642], [64444, 86399]]","[[0, 6185], [13387, 86399]]",3.0,,,,,"[[6998, 36236]]"
p311,p,3,3,"[[0, 23299], [27166, 67684], [74621, 86399]]","[[0, 3071], [8362, 40183], [45467, 86399]]",2.0,,,,,"[[6469, 32654]]"
p312,p,4,1,"[[0, 17893], [28695, 86399]]","[[0, 12280], [14284, 25359], [27599, 64190], [70752, 86399]]",7.0,,,,,"[[3473, 28720]]"
p313,p,4,0,"[[0, 45814], [53016, 86399]]","[[0, 23567], [26846, 28912], [32837, 86399]]",8.0,,,,,"[[9086, 35815]]"
p314,p,1,3,"[[0, 5441], [8172, 37763], [45836, 86399]]","[[0, 1552], [12354, 86399]]",4.0,,,,,"[[3442, 32560]]"
p315,p,4,1,"[[0, 17408], [28210, 86399]]","[[0, 30395], [37597, 86399]]",7.0,,,,,"[[3105, 31872]]"
p316,p,3,3,"[[0, 2019], [6945, 59132], [61380, 80559], [84191, 86399]]","[[0, 17220], [19929, 21967], [26462, 86399]]",4.0,,,,,"[[2881, 32125]]"
p317,p,4,3,"[[0, 30873], [38075, 86399]]","[[0, 2096], [4169, 17718], [21530, 60700], [65621, 86399]]",4.0,,,,,"[[6780, 35556]]"
p318,p,1,3,"[[0, 76981], [84183, 86399]]","[[0, 11378], [13915, 71235], [79502, 86399]]",6.0,,,,,"[[2223, 29317]]"
p319,p,1,3,"[[0, 15273], [17161, 23155], [25143, 50567], [53897, 86399]]","[[0, 42880], [50082, 86399]]",2.0,,,,,"[[5774, 31944]]"
p320,p,3,2,"[[0, 28393], [39195, 86399]]","[[0, 36799], [42198, 75469], [80874, 86399]]",8.0,,,,,"[[6888, 35007]]"
p321,p,1,0,"[[0, 35587], [38140, 63179], [65376, 75049], [77505, 86399]]","[[0, 13181], [14983, 49318], [51120, 86399]]",5.0,,,,,"[[9558, 36983]]"
p322,p,2,2,"[[0, 17009], [19534, 40181], [44860, 86399]]","[[0, 67136], [68938, 80906], [82708, 86399]]",4.0,,,,,"[[2327, 30189]]"
p323,p,4,1,"[[0, 38067], [41669, 86399]]","[[0, 23158], [25210, 45021], [47844, 73050], [78981, 86399]]",5.0,,,,,"[[2074, 29905]]"
p324,p,3,0,"[[0, 15370], [18341, 76025], [80258, 86399]]","[[0, 33394], [44196, 86399]]",6.0,,,,,"[[8462, 37787]]"
p325,p,2,1,"[[0, 32754], [36356, 86399]]","[[0, 7998], [14211, 86399]]",2.0,,,,,"[[1911, 30869]]"
p326,p,2,2,"[[0, 14279], [16081, 50782], [52584, 86399]]","[[0, 70505], [81307, 86399]]",3.0,,,,,"[[3275, 32679]]"
p327,p,3,1,"[[0, 13611], [16294, 68081], [74521, 86399]]","[[0, 22150], [25632, 26751], [34073, 86399]]",4.0,,,,,"[[6951, 34866]]"
p328,p,1,1,"[[0, 22885], [24687, 68431], [70233, 86399]]","[[0, 13251], [15053, 73539], [75341, 86399]]",5.0,,,,,"[[4018, 29453]]"
p329,p,4,3,"[[0, 18857], [23122, 33614], [40153, 86399]]","[[0, 33754], [37356, 86399]]",7.0,,,,,"[[4821, 33708]]"
p330,p,2,1,"[[0, 40551], [42353, 73565], [75367, 86399]]","[[0, 12047], [13951, 78648], [83948, 86399]]",2.0,,,,,"[[8835, 35530]]"
p331,p,1,0,"[[0, 20741], [24343, 86399]]","[[0, 13061], [17667, 22718], [25537, 68257], [71638, 86399]]",7.0,,,,,"[[2586, 31033]]"
p332,p,1,1,"[[0, 18272], [20855, 36950], [40712, 55295], [59756, 86399]]","[[0, 20692], [23508, 23814], [26874, 70677], [75607, 86399]]",3.0,,,,,"[[6148, 33288]]"
p333,p,1,3,"[[0, 13161], [17559, 41914], [44607, 79320], [83035, 86399]]","[[0, 21769], [28971, 86399]]",3.0,,,,,"[[4671, 32599]]"
p334,p,3,2,"[[0, 71741], [75343, 86399]]","[[0, 41456], [45058, 86399]]",4.0,,,,,"[[3343, 31604]]"
p335,p,3,1,"[[0, 21460], [24157, 58360], [61116, 80902], [86255, 86399]]","[[0, 14564], [17022, 21075], [25821, 86399]]",8.0,,,,,"[[5470, 32277]]"
p336,p,1,3,"[[0, 34747], [38349, 86399]]","[[0, 32950], [34752, 83726], [85528, 86399]]",7.0,,,,,"[[3274, 28587]]"
p337,p,1,3,"[[0, 14385], [17708, 24047], [27277, 62618], [66871, 86399]]","[[0, 41829], [52631, 86399]]",6.0,,,,,"[[2856, 32512]]"
p338,p,3,2,"[[0, 60665], [65937, 71007], [76539, 86399]]","[[0, 8579], [10381, 54399], [56201, 86399]]",2.0,,,,,"[[4996, 32449]]"
p339,p,4,3,"[[0, 53610], [55412, 55788], [57590, 86399]]","[[0, 12001], [13803, 24651], [26453, 86399]]",6.0,,,,,"[[6769, 35283]]"
p340,p,1,1,"[[0, 27488], [31283, 41435], [44681, 71229], [74994, 86399]]","[[0, 22082], [25230, 30098], [33984, 86399]]",2.0,,,,,"[[3713, 30276]]"
p341,p,4,2,"[[0, 10060], [12516, 32030], [35097, 76701], [81984, 86399]]","[[0, 15540], [17342, 46121], [47923, 86399]]",3.0,,,,,"[[8805, 37542]]"
p342,p,4,3,"[[0, 47500], [49761, 50416], [55359, 86399]]","[[0, 34122], [41324, 86399]]",4.0,,,,,"[[5320, 30064]]"
p343,p,2,1,"[[0, 27525], [31010, 55917], [57756, 58224], [60106, 86399]]","[[0, 8300], [10276, 12045], [14600, 32169], [34844, 86399]]",3.0,,,,,"[[7485, 37184]]"
p344,p,4,1,"[[0, 66831], [69365, 72521], [80791, 86399]]","[[0, 1229], [4831, 86399]]",4.0,,,,,"[[7097, 32738]]"
p345,p,1,0,"[[0, 19245], [30047, 86399]]","[[0, 40392], [43994, 86399]]",5.0,,,,,"[[8531, 37923]]"
p346,p,4,2,"[[0, 62332], [64786, 69904], [74654, 86399]]","[[0, 41082], [44684, 86399]]",7.0,,,,,"[[3497, 30443]]"
p347,p,3,3,"[[0, 29112], [32714, 86399]]","[[0, 55297], [57099, 71291], [73093, 86399]]",6.0,,,,,"[[8411, 36706]]"
p348,p,3,0,"[[0, 29480], [33388, 51164], [55926, 86399]]","[[0, 19415], [22760, 36972], [44431, 86399]]",2.0,,,,,"[[4804, 32309]]"
p349,p,2,2,"[[0, 14168], [17588, 49803], [51637, 62649], [64601, 86399]]","[[0, 19688], [24105, 48826], [55213, 86399]]",5.0,,,,,"[[5318, 34001]]"
p350,p,4,2,"[[0, 19276], [21705, 28394], [30499, 72419], [78691, 86399]]","[[0, 9024], [11773, 27160], [29197, 76741], [79161, 86399]]",2.0,,,,,"[[4764, 30318]]"
p351,p,1,3,"[[0, 57879], [68681, 86399]]","[[0, 41395], [44997, 86399]]",4.0,,,,,"[[4545, 32314]]"
p352,p,1,3,"[[0, 14552], [17099, 76711], [84968, 86399]]","[[0, 16188], [20240, 33627], [35439, 73598], [78540, 86399]]",8.0,,,,,"[[3158, 32669]]"
p353,p,1,3,"[[0, 37972], [41574, 86399]]","[[0, 13487], [18035, 66818], [73074, 86399]]",8.0,,,,,"[[8535, 36425]]"
p354,p,4,2,"[[0, 18382], [20763, 44626], [46752, 75878], [78577, 86399]]","[[0, 27281], [34483, 86399]]",4.0,,,,,"[[2581, 30755]]"
p355,p,4,0,"[[0, 64063], [68349, 69945], [73386, 86399]]","[[0, 5285], [9554, 86399]]",4.0,,,,,"[[4424, 32876]]"
p356,p,4,1,"[[0, 40482], [42284, 54816], [56618, 86399]]","[[0, 30866], [35032, 43307], [46212, 46900], [50635, 86399]]",7.0,,,,,"[[9114, 36559]]"
p357,p,3,1,"[[0, 67033], [70635, 86399]]","[[0, 18867], [23824, 29097], [31264, 45831], [49513, 86399]]",7.0,,,,,"[[5261, 30407]]"
p358,p,1,1,"[[0, 5057], [7950, 58617], [66528, 86399]]","[[0, 4554], [9407, 86399]]",8.0,,,,,"[[3427, 32292]]"
p359,p,1,3,"[[0, 35087], [38689, 86399]]","[[0, 68118], [78920, 86399]]",4.0,,,,,"[[4672, 32881]]"
p360,p,3,2,"[[0, 14675], [18277, 86399]]","[[0, 11854], [14771, 51363], [53732, 86399]]",3.0,,,,,"[[5371, 33021]]"
p361,p,2,0,"[[0, 14508], [16608, 32545], [41249, 86399]]","[[0, 43126], [53928, 86399]]",4.0,,,,,"[[5884, 34432]]"
p362,p,2,2,"[[0, 30748], [34266, 69676], [72007, 86399]]","[[0, 30924], [34526, 86399]]",5.0,,,,,"[[5061, 30274]]"
p363,p,3,3,"[[0, 25990], [29007, 45871], [47774, 48914], [51200, 86399]]","[[0, 1460], [4834, 80583], [83866, 86399]]",6.0,,,,,"[[6665, 32790]]"
p364,p,2,2,"[[0, 5621], [13125, 86399]]","[[0, 21899], [24137, 32957], [34845, 43609], [46689, 86399]]",2.0,,,,,"[[3808, 30875]]"
p365,p,3,2,"[[0, 20901], [23537, 27109], [29076, 74328], [76931, 86399]]","[[0, 6919], [10834, 54892], [61781, 86399]]",4.0,,,,,"[[1889, 30325]]"
p366,p,1,0,"[[0, 37401], [39203, 65475], [67277, 86399]]","[[0, 52573], [63375, 86399]]",2.0,,,,,"[[8981, 34250]]"
p367,p,4,2,"[[0, 49631], [52487, 66097], [74045, 86399]]","[[0, 49801], [51603, 56736], [58538, 86399]]",8.0,,,,,"[[3749, 32711]]"
p368,p,2,3,"[[0, 21504], [23306, 70159], [71961, 86399]]","[[0, 50534], [61336, 86399]]",8.0,,,,,"[[9318, 36403]]"
p369,p,3,1,"[[0, 16715], [19649, 19708], [23978, 86399]]","[[0, 1364], [8566, 86399]]",4.0,,,,,"[[3293, 32015]]"
p370,p,3,1,"[[0, 14721], [17348, 41079], [43591, 46859], [52526, 86399]]","[[0, 786], [5208, 36942], [39153, 40894], [45067, 86399]]",4.0,,,,,"[[2629, 29292]]"
p371,p,2,1,"[[0, 20236], [23538, 36727], [40279, 49380], [53332, 86399]]","[[0, 81051], [84653, 86399]]",7.0,,,,,"[[8145, 34042]]"
p372,p,3,3,"[[0, 34827], [38132, 80667], [84566, 86399]]","[[0, 18899], [22501, 86399]]",6.0,,,,,"[[4416, 29720]]"
p373,p,1,0,"[[0, 20559], [24498, 43717], [46402, 64473], [68655, 86399]]","[[0, 19130], [23529, 62778], [69183, 86399]]",4.0,,,,,"[[3230, 30457]]"
p374,p,2,0,"[[0, 56898], [60064, 65920], [67853, 69050], [71157, 86399]]","[[0, 25896], [29896, 58477], [60465, 86399]]",8.0,,,,,"[[8448, 34481]]"
p375,p,4,3,"[[0, 9288], [20090, 86399]]","[[0, 23043], [24845, 66299], [68101, 86399]]",6.0,,,,,"[[7696, 36943]]"
p376,p,1,2,"[[0, 31511], [37290, 86399]]","[[0, 73590], [80792, 86399]]",8.0,,,,,"[[4801, 33161]]"
p377,p,4,2,"[[0, 17929], [21531, 86399]]","[[0, 37384], [40986, 86399]]",3.0,,,,,"[[5064, 33719]]"
p378,p,2,0,"[[0, 39249], [41422, 44147], [52778, 86399]]","[[0, 23614], [30816, 86399]]",2.0,,,,,"[[10088, 36189]]"
p379,p,4,3,"[[0, 35775], [37967, 65848], [68579, 78769], [84652, 86399]]","[[0, 64892], [70438, 86399]]",8.0,,,,,"[[3855, 31316]]"
p380,p,4,3,"[[0, 42149], [44392, 51598], [53959, 79047], [81649, 86399]]","[[0, 89], [1953, 31378], [33365, 72541], [75896, 86399]]",3.0,,,,,"[[10521, 35648]]"
p381,p,4,3,"[[0, 14696], [16644, 33278], [35340, 50652], [53848, 86399]]","[[0, 13583], [18859, 48074], [50429, 74683], [77858, 86399]]",2.0,,,,,"[[2200, 30190]]"
p382,p,3,3,"[[0, 45695], [47497, 59082], [60884, 86399]]","[[0, 41303], [44905, 86399]]",2.0,,,,,"[[3936, 32856]]"
p383,p,3,3,"[[0, 69370], [71172, 84435], [86237, 86399]]","[[0, 11454], [15056, 86399]]",7.0,,,,,"[[6089, 35769]]"
p384,p,4,3,"[[0, 14662], [25464, 86399]]","[[0, 17580], [21601, 52098], [54644, 76465], [80704, 86399]]",5.0,,,,,"[[7544, 32672]]"
p385,p,1,3,"[[0, 44444], [46425, 54509], [56726, 63534], [66542, 86399]]","[[0, 4997], [7006, 24626], [29821, 86399]]",3.0,,,,,"[[3152, 30897]]"
p386,p,4,3,"[[0, 54557], [65359, 86399]]","[[0, 19731], [21533, 28932], [30734, 86399]]",8.0,,,,,"[[5243, 31684]]"
p387,p,2,1,"[[0, 43484], [47086, 86399]]","[[0, 606], [3457, 7328], [10626, 46956], [51613, 86399]]",7.0,,,,,"[[5621, 33591]]"
p388,p,2,3,"[[0, 7298], [10459, 48515], [50320, 53852], [56092, 86399]]","[[0, 8174], [18976, 86399]]",2.0,,,,,"[[7679, 36677]]"
p389,p,3,2,"[[0, 70905], [81707, 86399]]","[[0, 53427], [57029, 86399]]",5.0,,,,,"[[8795, 37268]]"
p390,p,1,0,"[[0, 27080], [29500, 49935], [52140, 58775], [61356, 86399]]","[[0, 24432], [35234, 86399]]",8.0,,,,,"[[7424, 36396]]"
p391,p,2,2,"[[0, 6624], [8426, 8798], [10600, 86399]]","[[0, 5879], [8880, 14089], [18292, 86399]]",7.0,,,,,"[[6719, 32941]]"
p392,p,1,2,"[[0, 5627], [12829, 86399]]","[[0, 25440], [27242, 61701], [63503, 86399]]",2.0,,,,,"[[7544, 36402]]"
p393,p,2,2,"[[0, 39709], [42225, 45471], [50159, 86399]]","[[0, 14251], [21453, 86399]]",2.0,,,,,"[[7460, 35714]]"
p394,p,1,0,"[[0, 80769], [84371, 86399]]","[[0, 72446], [83248, 86399]]",6.0,,,,,"[[6130, 33873]]"
p395,p,1,3,"[[0, 75234], [78836, 86399]]","[[0, 67534], [78336, 86399]]",3.0,,,,,"[[3439, 30296]]"
p396,p,4,2,"[[0, 68551], [75753, 86399]]","[[0, 10438], [12240, 47395], [49197, 86399]]",6.0,,,,,"[[8535, 33828]]"
p397,p,1,1,"[[0, 41665], [43467, 44376], [46178, 86399]]","[[0, 8245], [10197, 80916], [86168, 86399]]",6.0,,,,,"[[1766, 30321]]"
p398,p,1,0,"[[0, 2886], [6872, 31662], [34968, 65593], [69107, 86399]]","[[0, 42157], [44505, 58161], [63017, 86399]]",4.0,,,,,"[[5550, 32119]]"
p399,p,4,2,"[[0, 63794], [74596, 86399]]","[[0, 3040], [6039, 41199], [49004, 86399]]",2.0,,,,,"[[3721, 31889]]"
p400,p,3,2,"[[0, 12158], [22960, 86399]]","[[0, 27305], [29107, 31230], [33032, 86399]]",8.0,,,,,"[[1377, 29480]]"
p401,p,3,3,"[[0, 65985], [67787, 70362], [72164, 86399]]","[[0, 7905], [10618, 35520], [43611, 86399]]",8.0,,,,,"[[5161, 34394]]"
p402,p,4,1,"[[0, 33669], [35471, 61258], [63060, 86399]]","[[0, 48133], [49935, 74970], [76772, 86399]]",6.0,,,,,"[[2710, 31036]]"
p403,p,2,3,"[[0, 43204], [46806, 86399]]","[[0, 30110], [33530, 36875], [38693, 67716], [69684, 86399]]",2.0,,,,,"[[7156, 34427]]"
p404,p,1,3,"[[0, 28074], [30424, 61786], [63640, 69429], [72431, 86399]]","[[0, 14582], [16384, 72907], [74709, 86399]]",6.0,,,,,"[[2961, 29418]]"
p405,p,4,1,"[[0, 36790], [38592, 53653], [55455, 86399]]","[[0, 48955], [52557, 86399]]",7.0,,,,,"[[6509, 34723]]"
p406,p,3,3,"[[0, 9337], [11736, 47222], [49195, 65722], [72156, 86399]]","[[0, 26503], [29551, 44167], [46214, 63514], [65625, 86399]]",7.0,,,,,"[[5507, 35072]]"
p407,p,3,0,"[[0, 17566], [28368, 86399]]","[[0, 34361], [37705, 42239], [45584, 56021], [60138, 86399]]",4.0,,,,,"[[4329, 30373]]"
p408,p,4,2,"[[0, 15213], [17015, 59603], [61405, 86399]]","[[0, 32864], [34666, 69402], [71204, 86399]]",3.0,,,,,"[[2071, 28571]]"
p409,p,2,2,"[[0, 71416], [75018, 86399]]","[[0, 4652], [6454, 78438], [80240, 86399]]",3.0,,,,,"[[3633, 30435]]"
p410,p,2,1,"[[0, 2454], [6256, 44118], [46007, 72988], [78103, 86399]]","[[0, 16130], [19392, 86399]]",8.0,,,,,"[[7244, 32717]]"
p411,p,3,0,"[[0, 33064], [43866, 86399]]","[[0, 10590], [13647, 43733], [45572, 64529], [66839, 86399]]",4.0,,,,,"[[6647, 36207]]"
p412,p,4,3,"[[0, 14516], [21718, 86399]]","[[0, 6604], [10513, 57470], [60520, 78456], [82303, 86399]]",4.0,,,,,"[[3024, 30898]]"
p413,p,4,0,"[[0, 10827], [15213, 77276], [83694, 86399]]","[[0, 20351], [22723, 60474], [62865, 65950], [68393, 86399]]",2.0,,,,,"[[2600, 32231]]"
p414,p,1,1,"[[0, 20222], [22024, 72323], [74125, 86399]]","[[0, 1729], [4710, 70800], [75023, 86399]]",2.0,,,,,"[[8345, 37778]]"
p415,p,1,2,"[[0, 32941], [38218, 52018], [57545, 86399]]","[[0, 6578], [8380, 53028], [54830, 86399]]",7.0,,,,,"[[7057, 33061]]"
p416,p,2,2,"[[0, 13804], [15628, 51307], [56687, 86399]]","[[0, 26675], [28509, 50587], [52996, 86399]]",2.0,,,,,"[[5956, 31605]]"
p417,p,3,0,"[[0, 61267], [63069, 72157], [73959, 86399]]","[[0, 42356], [46066, 54409], [56649, 78071], [82927, 86399]]",4.0,,,,,"[[2274, 31815]]"
p418,p,3,2,"[[0, 7156], [9214, 65338], [67484, 82233], [85235, 86399]]","[[0, 70313], [81115, 86399]]",8.0,,,,,"[[3648, 32969]]"
p419,p,3,3,"[[0, 75235], [86037, 86399]]","[[0, 18227], [20029, 39972], [41774, 86399]]",3.0,,,,,"[[4120, 29762]]"
p420,p,3,3,"[[0, 55407], [57282, 65896], [71395, 86399]]","[[0, 5290], [12492, 86399]]",7.0,,,,,"[[2153, 30881]]"
p421,p,3,1,"[[0, 75304], [86106, 86399]]","[[0, 10645], [12447, 21162], [22964, 86399]]",7.0,,,,,"[[8174, 36972]]"
p422,p,1,0,"[[0, 22581], [25425, 34744], [42704, 86399]]","[[0, 4068], [7255, 15191], [18896, 79249], [83163, 86399]]",6.0,,,,,"[[9001, 35207]]"
p423,p,2,2,"[[0, 43656], [54458, 86399]]","[[0, 28618], [30420, 70376], [72178, 86399]]",5.0,,,,,"[[4672, 29512]]"
p424,p,1,2,"[[0, 5007], [8609, 86399]]","[[0, 52258], [54060, 82943], [84745, 86399]]",6.0,,,,,"[[7491, 36533]]"
p425,p,4,3,"[[0, 9580], [13334, 31528], [38578, 86399]]","[[0, 28136], [32279, 64389], [67422, 86399]]",7.0,,,,,"[[3816, 32849]]"
p426,p,1,3,"[[0, 36187], [43013, 81209], [84758, 86399]]","[[0, 24827], [29470, 38713], [40610, 80025], [84291, 86399]]",6.0,,,,,"[[6713, 35418]]"
p427,p,2,0,"[[0, 24070], [26008, 32787], [38053, 86399]]","[[0, 70941], [75884, 86399]]",4.0,,,,,"[[9763, 36827]]"
p428,p,3,3,"[[0, 47297], [49605, 65565], [67382, 69185], [72266, 86399]]","[[0, 44274], [55076, 86399]]",7.0,,,,,"[[10180, 35042]]"
p429,p,3,1,"[[0, 51784], [54783, 80782], [84987, 86399]]","[[0, 31021], [33917, 35885], [39731, 61906], [65970, 86399]]",6.0,,,,,"[[3534, 31178]]"
p430,p,3,0,"[[0, 7541], [12661, 80273], [85957, 86399]]","[[0, 57210], [68012, 86399]]",5.0,,,,,"[[2474, 29602]]"
p431,p,4,3,"[[0, 5520], [8030, 38161], [46455, 86399]]","[[0, 23396], [30598, 86399]]",4.0,,,,,"[[8042, 37622]]"
p432,p,2,0,"[[0, 41487], [43289, 53887], [55689, 86399]]","[[0, 15543], [18829, 26312], [28260, 60671], [62643, 86399]]",6.0,,,,,"[[6362, 32351]]"
p433,p,4,2,"[[0, 46038], [53240, 86399]]","[[0, 23141], [25084, 39263], [41381, 62306], [65451, 86399]]",4.0,,,,,"[[6524, 32804]]"
p434,p,2,0,"[[0, 30763], [34365, 86399]]","[[0, 30328], [32310, 32621], [35069, 73486], [76262, 86399]]",4.0,,,,,"[[9452, 36395]]"
p435,p,2,2,"[[0, 32367], [34228, 48058], [53401, 86399]]","[[0, 19532], [23134, 86399]]",6.0,,,,,"[[3349, 31881]]"
p436,p,1,3,"[[0, 26096], [29442, 43264], [47122, 86399]]","[[0, 35265], [46067, 86399]]",7.0,,,,,"[[9589, 35614]]"
p437,p,4,2,"[[0, 4125], [8298, 79111], [85400, 86399]]","[[0, 3898], [7194, 37675], [40906, 41723], [46002, 86399]]",6.0,,,,,"[[3119, 32141]]"
p438,p,1,3,"[[0, 23370], [27794, 32549], [38929, 86399]]","[[0, 28692], [30604, 43911], [46479, 67046], [73372, 86399]]",4.0,,,,,"[[9111, 35507]]"
p439,p,1,3,"[[0, 63974], [74776, 86399]]","[[0, 2504], [4895, 45838], [50562, 86399]]",4.0,,,,,"[[3407, 31745]]"
p440,p,4,1,"[[0, 52796], [54771, 71071], [76300, 86399]]","[[0, 18424], [22291, 62109], [64844, 86399]]",7.0,,,,,"[[6573, 34298]]"
p441,p,4,3,"[[0, 1351], [3942, 54015], [55838, 81260], [84052, 86399]]","[[0, 45874], [56676, 86399]]",7.0,,,,,"[[4962, 30452]]"
p442,p,4,2,"[[0, 22906], [26508, 86399]]","[[0, 35877], [37679, 76670], [78472, 86399]]",4.0,,,,,"[[7364, 34267]]"
p443,p,2,1,"[[0, 27378], [34580, 86399]]","[[0, 46766], [48568, 57314], [59116, 86399]]",8.0,,,,,"[[4809, 34365]]"
p444,p,3,0,"[[0, 12112], [15030, 17850], [21573, 29086], [33251, 86399]]","[[0, 60271], [62073, 68975], [70777, 86399]]",3.0,,,,,"[[8979, 37133]]"
p445,p,4,2,"[[0, 5650], [7452, 81251], [83053, 86399]]","[[0, 73693], [80895, 86399]]",5.0,,,,,"[[7600, 37195]]"
p446,p,2,0,"[[0, 6895], [14097, 86399]]","[[0, 32030], [42832, 86399]]",2.0,,,,,"[[5413, 30381]]"
p447,p,2,3,"[[0, 13280], [18302, 39484], [45266, 86399]]","[[0, 18784], [20586, 77355], [79157, 86399]]",6.0,,,,,"[[4409, 30986]]"
p448,p,2,1,"[[0, 7023], [8825, 31146], [32948, 86399]]","[[0, 5663], [12865, 86399]]",6.0,,,,,"[[3330, 28248]]"
p449,p,4,0,"[[0, 70985], [74587, 86399]]","[[0, 64034], [67813, 76359], [83384, 86399]]",3.0,,,,,"[[3051, 32003]]"
p450,p,1,1,"[[0, 4194], [14996, 86399]]","[[0, 29629], [34679, 40744], [46498, 86399]]",5.0,,,,,"[[8478, 35994]]"
p451,p,3,0,"[[0, 33522], [44324, 86399]]","[[0, 28466], [33765, 35954], [37857, 43331], [46935, 86399]]",5.0,,,,,"[[8438, 33515]]"
p452,p,4,1,"[[0, 13755], [15898, 27743], [30019, 48109], [54496, 86399]]","[[0, 1539], [3341, 41956], [43758, 86399]]",5.0,,,,,"[[6601, 36331]]"
p453,p,1,1,"[[0, 56332], [63534, 86399]]","[[0, 74978], [76780, 82532], [84334, 86399]]",2.0,,,,,"[[2210, 28558]]"
p454,p,4,0,"[[0, 7143], [9725, 41328], [43403, 66355], [72504, 86399]]","[[0, 12433], [14724, 50860], [52995, 60365], [63145, 86399]]",4.0,,,,,"[[3548, 32298]]"
p455,p,2,2,"[[0, 58628], [60430, 76538], [78340, 86399]]","[[0, 15242], [19939, 25941], [28044, 77684], [81690, 86399]]",6.0,,,,,"[[6402, 32027]]"
p456,p,2,3,"[[0, 40361], [42163, 69198], [71000, 86399]]","[[0, 13352], [16640, 18978], [20827, 28957], [31026, 86399]]",3.0,,,,,"[[3088, 32533]]"
p457,p,2,3,"[[0, 69919], [73521, 86399]]","[[0, 10219], [13326, 56409], [58345, 62195], [64358, 86399]]",2.0,,,,,"[[6801, 31803]]"
p458,p,3,2,"[[0, 188], [3790, 86399]]","[[0, 13539], [18615, 57508], [60312, 73088], [76014, 86399]]",8.0,,,,,"[[2462, 29898]]"
p459,p,4,0,"[[0, 66377], [69979, 86399]]","[[0, 574], [2376, 53136], [54938, 86399]]",2.0,,,,,"[[1979, 31007]]"
p460,p,1,2,"[[0, 27119], [28921, 76925], [78727, 86399]]","[[0, 69225], [72827, 86399]]",4.0,,,,,"[[6763, 36217]]"
p461,p,4,2,"[[0, 66870], [74072, 86399]]","[[0, 5725], [9327, 86399]]",2.0,,,,,"[[3087, 31040]]"
p462,p,2,2,"[[0, 3047], [13849, 86399]]","[[0, 45982], [49584, 86399]]",3.0,,,,,"[[7714, 35997]]"
p463,p,3,1,"[[0, 10121], [13723, 86399]]","[[0, 56218], [59860, 62347], [68914, 86399]]",5.0,,,,,"[[8610, 34934]]"
p464,p,3,2,"[[0, 16221], [20327, 43213], [46085, 66364], [70192, 86399]]","[[0, 7460], [18262, 86399]]",8.0,,,,,"[[2341, 31025]]"
p465,p,2,2,"[[0, 20234], [23836, 86399]]","[[0, 23523], [28110, 67256], [73473, 86399]]",2.0,,,,,"[[4187, 30388]]"
p466,p,3,1,"[[0, 1293], [3095, 30089], [31891, 86399]]","[[0, 15370], [18132, 38960], [40813, 60318], [62909, 86399]]",2.0,,,,,"[[7541, 34706]]"
p467,p,2,2,"[[0, 48234], [59036, 86399]]","[[0, 22830], [26265, 79818], [83587, 86399]]",4.0,,,,,"[[7323, 36653]]"
p468,p,2,1,"[[0, 25246], [29487, 41601], [44422, 80837], [84581, 86399]]","[[0, 255], [3857, 86399]]",5.0,,,,,"[[6581, 35140]]"
p469,p,3,1,"[[0, 74364], [77966, 86399]]","[[0, 14797], [18138, 76066], [79929, 86399]]",2.0,,,,,"[[8861, 36274]]"
p470,p,2,0,"[[0, 34154], [35956, 50020], [51822, 86399]]","[[0, 32635], [35593, 61360], [65606, 86399]]",7.0,,,,,"[[8489, 35700]]"
p471,p,1,1,"[[0, 73783], [84585, 86399]]","[[0, 6318], [11350, 49870], [55642, 86399]]",2.0,,,,,"[[5438, 31821]]"
p472,p,2,1,"[[0, 68690], [75892, 86399]]","[[0, 20489], [24421, 49918], [52032, 69323], [74083, 86399]]",6.0,,,,,"[[8681, 35840]]"
p473,p,4,1,"[[0, 65242], [68844, 86399]]","[[0, 7543], [10788, 25073], [26949, 38409], [40494, 86399]]",5.0,,,,,"[[1134, 30681]]"
p474,p,3,0,"[[0, 31384], [38586, 86399]]","[[0, 23601], [25988, 27593], [29751, 68299], [70960, 86399]]",4.0,,,,,"[[3046, 29255]]"
p475,p,3,1,"[[0, 60229], [67431, 86399]]","[[0, 24289], [27624, 86399]]",3.0,,,,,"[[8644, 34617]]"
p476,p,3,1,"[[0, 45427], [52629, 86399]]","[[0, 32509], [34311, 69917], [71719, 86399]]",6.0,,,,,"[[4102, 30551]]"
p477,p,3,1,"[[0, 35513], [39115, 86399]]","[[0, 60919], [62721, 70444], [72246, 86399]]",4.0,,,,,"[[4472, 30356]]"
p478,p,4,1,"[[0, 68536], [70338, 75993], [77795, 86399]]","[[0, 37677], [41027, 45338], [49192, 86399]]",2.0,,,,,"[[8394, 37651]]"
p479,p,3,2,"[[0, 4783], [8015, 24974], [26895, 77127], [79180, 86399]]","[[0, 8927], [12529, 86399]]",3.0,,,,,"[[8189, 37241]]"
p480,p,3,0,"[[0, 24329], [26741, 57186], [65578, 86399]]","[[0, 41042], [46064, 86399]]",3.0,,,,,"[[2596, 31307]]"
p481,p,4,3,"[[0, 57504], [64706, 86399]]","[[0, 16743], [18545, 80348], [82150, 86399]]",8.0,,,,,"[[7665, 36408]]"
p482,p,4,1,"[[0, 34795], [41997, 86399]]","[[0, 69741], [71543, 77292], [79094, 86399]]",4.0,,,,,"[[3852, 30265]]"
p483,p,1,2,"[[0, 57892], [65094, 86399]]","[[0, 27460], [30168, 53698], [56601, 86399]]",4.0,,,,,"[[4828, 30947]]"
p484,p,3,2,"[[0, 63525], [70727, 86399]]","[[0, 74390], [81592, 86399]]",2.0,,,,,"[[3614, 32436]]"
p485,p,3,2,"[[0, 2728], [4854, 5721], [7840, 22056], [28617, 86399]]","[[0, 23929], [28204, 36791], [39389, 73409], [77342, 86399]]",4.0,,,,,"[[8486, 33672]]"
p486,p,4,1,"[[0, 42314], [49516, 86399]]","[[0, 45903], [47705, 55304], [57106, 86399]]",8.0,,,,,"[[7019, 36498]]"
p487,p,1,2,"[[0, 15997], [19599, 86399]]","[[0, 53241], [64043, 86399]]",2.0,,,,,"[[2601, 28832]]"
p488,p,1,0,"[[0, 52089], [59291, 86399]]","[[0, 3370], [10572, 86399]]",2.0,,,,,"[[4481, 32457]]"
p489,p,3,3,"[[0, 41561], [43363, 82781], [84583, 86399]]","[[0, 39460], [41262, 46054], [47856, 86399]]",7.0,,,,,"[[4674, 32312]]"
p490,p,4,2,"[[0, 4041], [7246, 9237], [11628, 86399]]","[[0, 16189], [21308, 50586], [52607, 61631], [65297, 86399]]",2.0,,,,,"[[3377, 28406]]"
p491,p,3,3,"[[0, 62505], [66107, 86399]]","[[0, 52038], [56252, 76044], [81745, 86399]]",2.0,,,,,"[[4354, 32457]]"
p492,p,1,3,"[[0, 29825], [33064, 80785], [84750, 86399]]","[[0, 45889], [56691, 86399]]",6.0,,,,,"[[9066, 36118]]"
p493,p,4,2,"[[0, 22866], [25395, 78801], [83476, 86399]]","[[0, 14726], [21928, 86399]]",3.0,,,,,"[[2530, 32096]]"
p494,p,4,0,"[[0, 18195], [21797, 86399]]","[[0, 24132], [26731, 49365], [51386, 67209], [69795, 86399]]",2.0,,,,,"[[2351, 28545]]"
p495,p,4,0,"[[0, 45792], [56594, 86399]]","[[0, 60068], [67270, 86399]]",8.0,,,,,"[[8892, 35677]]"
p496,p,4,1,"[[0, 13219], [17418, 23778], [26531, 48264], [52118, 86399]]","[[0, 78613], [85815, 86399]]",3.0,,,,,"[[2087, 30743]]"
p497,p,1,3,"[[0, 35557], [46359, 86399]]","[[0, 3161], [6763, 86399]]",3.0,,,,,"[[2454, 30473]]"
p498,p,2,2,"[[0, 9546], [11348, 51423], [53225, 86399]]","[[0, 22050], [25171, 35549], [43232, 86399]]",8.0,,,,,"[[3629, 32704]]"
p499,p,3,0,"[[0, 59999], [63601, 86399]]","[[0, 42562], [45486, 51504], [59384, 86399]]",7.0,,,,,"[[7396, 35574]]"
p500,p,2,2,"[[0, 13403], [16980, 50151], [53778, 86399]]","[[0, 44475], [46277, 70680], [72482, 86399]]",7.0,,,,,"[[5259, 32439]]"
p501,p,4,0,"[[0, 4433], [6706, 12620], [14872, 73079], [75760, 86399]]","[[0, 47417], [50930, 64550], [70089, 86399]]",5.0,,,,,"[[5564, 34010]]"
p502,p,3,3,"[[0, 82045], [85647, 86399]]","[[0, 32290], [43092, 86399]]",6.0,,,,,"[[9839, 36672]]"
p503,p,2,2,"[[0, 55877], [59090, 81106], [85097, 86399]]","[[0, 20028], [22431, 29684], [31749, 61333], [64071, 86399]]",7.0,,,,,"[[7926, 34984]]"
p504,p,4,1,"[[0, 49941], [51743, 62809], [64611, 86399]]","[[0, 1030], [3873, 30218], [32047, 54062], [56596, 86399]]",7.0,,,,,"[[3176, 28763]]"
p505,p,2,0,"[[0, 32542], [34344, 36857], [38659, 86399]]","[[0, 63677], [67279, 86399]]",6.0,,,,,"[[10222, 35693]]"
p506,p,1,1,"[[0, 2573], [4375, 36540], [38342, 86399]]","[[0, 75213], [82415, 86399]]",8.0,,,,,"[[8220, 35999]]"
p507,p,1,1,"[[0, 37262], [41502, 67323], [73887, 86399]]","[[0, 23490], [27092, 86399]]",6.0,,,,,"[[8282, 36424]]"
p508,p,2,2,"[[0, 8606], [12208, 86399]]","[[0, 35032], [38634, 86399]]",2.0,,,,,"[[7782, 35285]]"
p509,p,1,3,"[[0, 10148], [13733, 39197], [46416, 86399]]","[[0, 1420], [5022, 86399]]",3.0,,,,,"[[1282, 30299]]"
p510,p,1,3,"[[0, 32902], [34774, 46860], [48767, 71710], [75137, 86399]]","[[0, 1718], [8920, 86399]]",8.0,,,,,"[[5905, 31451]]"
p511,p,2,3,"[[0, 51768], [62308, 86399]]","[[0, 4438], [8524, 23776], [25622, 47785], [52659, 86399]]",4.0,,,,,"[[3777, 28670]]"
p512,p,4,2,"[[0, 52204], [54006, 78714], [80516, 86399]]","[[0, 46381], [48183, 80950], [82752, 86399]]",4.0,,,,,"[[2090, 29324]]"
p513,p,1,2,"[[0, 39263], [42865, 86399]]","[[0, 736], [3413, 24935], [29462, 86399]]",7.0,,,,,"[[8838, 33779]]"
p514,p,4,3,"[[0, 9377], [12100, 19958], [24439, 86399]]","[[0, 44543], [48145, 86399]]",6.0,,,,,"[[2841, 31316]]"
p515,p,2,3,"[[0, 26231], [29833, 86399]]","[[0, 61675], [63477, 79852], [81654, 86399]]",2.0,,,,,"[[10075, 35714]]"
p516,p,3,0,"[[0, 24387], [27989, 86399]]","[[0, 14960], [18430, 20152], [23886, 86399]]",4.0,,,,,"[[3089, 31321]]"
p517,p,3,0,"[[0, 17239], [19041, 22363], [24165, 86399]]","[[0, 52199], [55801, 86399]]",6.0,,,,,"[[2992, 29104]]"
p518,p,1,0,"[[0, 7136], [8938, 49870], [51672, 86399]]","[[0, 2384], [4848, 69153], [73893, 86399]]",7.0,,,,,"[[3769, 30425]]"
p519,p,2,3,"[[0, 12402], [16166, 27806], [34846, 86399]]","[[0, 12650], [14452, 16642], [18444, 86399]]",8.0,,,,,"[[8002, 34830]]"
p520,p,2,2,"[[0, 3941], [6764, 86399]]","[[0, 71492], [82294, 86399]]",4.0,,,,,"[[1506, 29195]]"
p521,p,3,2,"[[0, 66586], [77388, 86399]]","[[0, 11864], [19066, 86399]]",8.0,,,,,"[[2534, 29748]]"
p522,p,4,1,"[[0, 11387], [13189, 48140], [49942, 86399]]","[[0, 38929], [41008, 77752], [82877, 86399]]",4.0,,,,,"[[7461, 35147]]"
p523,p,1,2,"[[0, 22866], [27112, 27239], [33320, 86399]]","[[0, 68364], [79166, 86399]]",3.0,,,,,"[[3325, 30001]]"
p524,p,1,3,"[[0, 53734], [55536, 66094], [67896, 86399]]","[[0, 1543], [3984, 13433], [15558, 50804], [53444, 86399]]",7.0,,,,,"[[5707, 31317]]"
p525,p,3,3,"[[0, 50046], [53648, 86399]]","[[0, 53286], [55088, 62526], [64328, 86399]]",5.0,,,,,"[[7142, 35291]]"
p526,p,4,3,"[[0, 38708], [45910, 86399]]","[[0, 37775], [44977, 86399]]",8.0,,,,,"[[5577, 35208]]"
p527,p,3,2,"[[0, 56688], [59601, 69577], [71617, 78678], [80931, 86399]]","[[0, 30455], [33546, 46062], [48113, 52310], [54374, 86399]]",8.0,,,,,"[[3721, 29009]]"
p528,p,1,3,"[[0, 51857], [55116, 86399]]","[[0, 73714], [80916, 86399]]",7.0,,,,,"[[6880, 36227]]"
p529,p,4,2,"[[0, 18382], [29184, 86399]]","[[0, 21678], [24510, 26240], [30612, 86399]]",3.0,,,,,"[[9043, 37274]]"
p530,p,2,2,"[[0, 30720], [34322, 86399]]","[[0, 28078], [29880, 47195], [48997, 86399]]",6.0,,,,,"[[2715, 30182]]"
p531,p,1,1,"[[0, 7988], [11196, 44810], [46733, 56490], [58565, 86399]]","[[0, 42630], [46232, 86399]]",3.0,,,,,"[[5115, 33306]]"
p532,p,4,0,"[[0, 2726], [4528, 73433], [75235, 86399]]","[[0, 19030], [26232, 86399]]",8.0,,,,,"[[4875, 32160]]"
p533,p,2,0,"[[0, 63706], [74508, 86399]]","[[0, 70396], [77598, 86399]]",8.0,,,,,"[[3669, 33231]]"
p534,p,2,3,"[[0, 26675], [29789, 34574], [36869, 66704], [72101, 86399]]","[[0, 1464], [6482, 11273], [13673, 41382], [44770, 86399]]",2.0,,,,,"[[8756, 35686]]"
p535,p,3,0,"[[0, 5517], [7319, 69238], [71040, 86399]]","[[0, 1138], [5591, 55942], [62293, 86399]]",5.0,,,,,"[[7449, 32356]]"
p536,p,1,2,"[[0, 17522], [20156, 34525], [36788, 54775], [57084, 86399]]","[[0, 30580], [32508, 56889], [65765, 86399]]",6.0,,,,,"[[1530, 31232]]"
p537,p,3,3,"[[0, 57757], [61359, 86399]]","[[0, 74963], [85765, 86399]]",3.0,,,,,"[[3820, 29319]]"
p538,p,3,0,"[[0, 18407], [22681, 34660], [41190, 86399]]","[[0, 15701], [18462, 29405], [32122, 42934], [48262, 86399]]",7.0,,,,,"[[8476, 36846]]"
p539,p,3,2,"[[0, 77992], [79794, 82411], [84213, 86399]]","[[0, 30096], [33419, 44050], [46318, 79416], [84631, 86399]]",8.0,,,,,"[[1440, 29339]]"
p540,p,3,0,"[[0, 70595], [75786, 80819], [82734, 86399]]","[[0, 177], [10979, 86399]]",4.0,,,,,"[[5078, 31234]]"
p541,p,4,2,"[[0, 62497], [73299, 86399]]","[[0, 23451], [27002, 53142], [55917, 81103], [85583, 86399]]",6.0,,,,,"[[553, 29983]]"
p542,p,3,2,"[[0, 612], [3392, 5166], [13190, 86399]]","[[0, 59752], [61554, 75739], [77541, 86399]]",6.0,,,,,"[[4743, 32165]]"
p543,p,4,1,"[[0, 12322], [15228, 46237], [50053, 65762], [69846, 86399]]","[[0, 17170], [20550, 41396], [45220, 86399]]",8.0,,,,,"[[8731, 36278]]"
p544,p,4,1,"[[0, 5699], [7501, 56893], [58695, 86399]]","[[0, 28466], [31549, 52378], [55791, 86399]]",7.0,,,,,"[[5310, 33727]]"
p545,p,2,3,"[[0, 1436], [3238, 26749], [28551, 86399]]","[[0, 32474], [43276, 86399]]",5.0,,,,,"[[1316, 29620]]"
p546,p,4,1,"[[0, 9592], [16794, 86399]]","[[0, 404], [2907, 6024], [14325, 86399]]",2.0,,,,,"[[2018, 29473]]"
p547,p,1,3,"[[0, 19878], [23480, 86399]]","[[0, 16477], [23679, 86399]]",6.0,,,,,"[[5501, 33018]]"
p548,p,1,0,"[[0, 40395], [43997, 86399]]","[[0, 67667], [78469, 86399]]",4.0,,,,,"[[5624, 33305]]"
p549,p,3,2,"[[0, 4975], [8577, 86399]]","[[0, 62312], [64597, 70697], [79216, 86399]]",6.0,,,,,"[[9251, 35493]]"
p550,p,1,0,"[[0, 41536], [45138, 86399]]","[[0, 50783], [54385, 86399]]",8.0,,,,,"[[4623, 31875]]"
p551,p,4,2,"[[0, 78205], [85407, 86399]]","[[0, 20034], [21836, 63739], [65541, 86399]]",2.0,,,,,"[[3532, 31747]]"
p552,p,3,3,"[[0, 45067], [55869, 86399]]","[[0, 38806], [42408, 86399]]",5.0,,,,,"[[2740, 32501]]"
p553,p,1,2,"[[0, 42794], [49996, 86399]]","[[0, 38551], [45753, 86399]]",8.0,,,,,"[[5606, 32268]]"
p554,p,2,2,"[[0, 52685], [56287, 86399]]","[[0, 2285], [4261, 8530], [13758, 86399]]",6.0,,,,,"[[1313, 29339]]"
p555,p,1,0,"[[0, 61285], [63087, 66491], [68293, 86399]]","[[0, 4417], [6916, 64018], [66181, 72327], [74871, 86399]]",2.0,,,,,"[[6154, 31739]]"
p556,p,1,1,"[[0, 59968], [61770, 78295], [80097, 86399]]","[[0, 7217], [11146, 47532], [54407, 86399]]",5.0,,,,,"[[4918, 30779]]"
p557,p,2,0,"[[0, 878], [6132, 37603], [43153, 86399]]","[[0, 23015], [28305, 66295], [68201, 73136], [76746, 86399]]",8.0,,,,,"[[3472, 31035]]"
p558,p,2,3,"[[0, 34399], [39503, 55705], [61405, 86399]]","[[0, 9167], [13854, 45010], [49800, 86399]]",3.0,,,,,"[[6903, 36488]]"
p559,p,3,1,"[[0, 25282], [32484, 86399]]","[[0, 56878], [60480, 86399]]",4.0,,,,,"[[2074, 30189]]"
p560,p,3,2,"[[0, 31054], [34019, 82123], [84763, 86399]]","[[0, 45028], [48630, 86399]]",3.0,,,,,"[[2164, 29171]]"
p561,p,2,1,"[[0, 66958], [70560, 86399]]","[[0, 20436], [22238, 57786], [59588, 86399]]",7.0,,,,,"[[7458, 35433]]"
p562,p,4,0,"[[0, 16752], [22420, 54414], [59475, 86399]]","[[0, 42777], [53579, 86399]]",5.0,,,,,"[[1503, 29481]]"
p563,p,4,0,"[[0, 11687], [13533, 15095], [20453, 86399]]","[[0, 16481], [20251, 49314], [52600, 74770], [78520, 86399]]",3.0,,,,,"[[4208, 33404]]"
p564,p,1,1,"[[0, 2913], [4715, 55442], [57244, 86399]]","[[0, 15145], [20071, 26721], [32599, 86399]]",6.0,,,,,"[[892, 29742]]"
p565,p,4,3,"[[0, 58523], [62125, 86399]]","[[0, 60108], [63710, 86399]]",7.0,,,,,"[[8096, 35713]]"
p566,p,2,3,"[[0, 18135], [22302, 65228], [71865, 86399]]","[[0, 21677], [28879, 86399]]",5.0,,,,,"[[7249, 33973]]"
p567,p,1,2,"[[0, 1966], [5568, 86399]]","[[0, 28096], [29898, 40002], [41804, 86399]]",6.0,,,,,"[[7792, 34991]]"
p568,p,4,0,"[[0, 43904], [46011, 56257], [58073, 73553], [76836, 86399]]","[[0, 3078], [5644, 67875], [72513, 86399]]",3.0,,,,,"[[7717, 37206]]"
p569,p,4,3,"[[0, 36976], [39452, 74182], [78910, 86399]]","[[0, 13497], [17099, 86399]]",2.0,,,,,"[[7277, 34716]]"
p570,p,3,2,"[[0, 27918], [31687, 40819], [43859, 63620], [67617, 86399]]","[[0, 743], [2545, 73211], [75013, 86399]]",2.0,,,,,"[[4367, 29563]]"
p571,p,3,3,"[[0, 27298], [30770, 59426], [63158, 86399]]","[[0, 3166], [6648, 20277], [22095, 77614], [79520, 86399]]",6.0,,,,,"[[7216, 34572]]"
p572,p,4,3,"[[0, 11742], [13544, 80703], [82505, 86399]]","[[0, 31347], [34949, 86399]]",6.0,,,,,"[[7113, 33982]]"
p573,p,3,3,"[[0, 17955], [21237, 27929], [31282, 48345], [52516, 86399]]","[[0, 20140], [22558, 23310], [25387, 63270], [65981, 86399]]",3.0,,,,,"[[8336, 33695]]"
p574,p,2,2,"[[0, 15035], [18637, 86399]]","[[0, 72111], [79313, 86399]]",5.0,,,,,"[[8060, 34977]]"
p575,p,4,3,"[[0, 50552], [53917, 81866], [85705, 86399]]","[[0, 53004], [55957, 86399]]",8.0,,,,,"[[6060, 31911]]"
p576,p,2,0,"[[0, 8212], [15414, 86399]]","[[0, 29209], [32811, 86399]]",2.0,,,,,"[[2342, 29608]]"
p577,p,2,2,"[[0, 836], [4130, 67344], [70219, 77921], [82558, 86399]]","[[0, 64073], [67043, 67465], [75299, 86399]]",5.0,,,,,"[[4119, 29274]]"
p578,p,3,3,"[[0, 13477], [17079, 86399]]","[[0, 53002], [56604, 86399]]",7.0,,,,,"[[9229, 34539]]"
p579,p,3,3,"[[0, 34868], [38155, 50583], [52526, 57763], [59739, 86399]]","[[0, 28643], [30445, 76904], [78706, 86399]]",6.0,,,,,"[[6192, 34015]]"
p580,p,4,1,"[[0, 47425], [54627, 86399]]","[[0, 19854], [21656, 63135], [64937, 86399]]",5.0,,,,,"[[6007, 34435]]"
p581,p,4,1,"[[0, 33900], [44702, 86399]]","[[0, 2102], [5135, 54947], [59118, 86399]]",8.0,,,,,"[[7332, 35149]]"
p582,p,2,0,"[[0, 60232], [67434, 86399]]","[[0, 28315], [30877, 42327], [50569, 86399]]",7.0,,,,,"[[4227, 32174]]"
p583,p,3,1,"[[0, 72402], [83204, 86399]]","[[0, 1480], [6194, 23095], [29185, 86399]]",7.0,,,,,"[[9501, 35780]]"
p584,p,1,0,"[[0, 44475], [47101, 79220], [83798, 86399]]","[[0, 31948], [34655, 49185], [51241, 63690], [66133, 86399]]",3.0,,,,,"[[8386, 33850]]"
p585,p,2,2,"[[0, 3399], [5201, 17541], [19343, 86399]]","[[0, 7127], [9127, 52484], [57688, 86399]]",5.0,,,,,"[[2357, 29310]]"
p586,p,3,0,"[[0, 27375], [34577, 86399]]","[[0, 45251], [47053, 70292], [72094, 86399]]",8.0,,,,,"[[10274, 35358]]"
p587,p,4,1,"[[0, 50672], [57874, 86399]]","[[0, 44510], [49804, 86399]]",8.0,,,,,"[[5212, 34265]]"
p588,p,4,2,"[[0, 26916], [34118, 86399]]","[[0, 75145], [77471, 78890], [83768, 86399]]",2.0,,,,,"[[8098, 36560]]"
p589,p,1,3,"[[0, 2775], [6377, 86399]]","[[0, 17526], [20141, 59134], [66173, 86399]]",2.0,,,,,"[[6072, 34575]]"
p590,p,3,0,"[[0, 74744], [85546, 86399]]","[[0, 77057], [79711, 86399]]",7.0,,,,,"[[3850, 32170]]"
p591,p,2,0,"[[0, 46955], [57757, 86399]]","[[0, 4950], [8552, 86399]]",5.0,,,,,"[[2328, 30472]]"
p592,p,3,3,"[[0, 24740], [27602, 69346], [73688, 86399]]","[[0, 35451], [39053, 86399]]",4.0,,,,,"[[7043, 36757]]"
p593,p,2,2,"[[0, 75311], [78913, 86399]]","[[0, 58438], [62040, 86399]]",7.0,,,,,"[[1635, 29192]]"
p594,p,2,2,"[[0, 2697], [5119, 46374], [51156, 86399]]","[[0, 73012], [80214, 86399]]",5.0,,,,,"[[9393, 35479]]"
p595,p,2,1,"[[0, 78756], [82358, 86399]]","[[0, 32432], [35675, 45889], [47855, 82269], [84266, 86399]]",8.0,,,,,"[[9668, 36228]]"
p596,p,4,3,"[[0, 14390], [25192, 86399]]","[[0, 25743], [28043, 29086], [33990, 86399]]",6.0,,,,,"[[3995, 33646]]"
p597,p,4,2,"[[0, 11114], [14464, 17585], [19630, 25061], [30472, 86399]]","[[0, 46518], [48687, 63960], [70938, 86399]]",4.0,,,,,"[[2321, 28857]]"
p598,p,1,1,"[[0, 6792], [10394, 86399]]","[[0, 6576], [9342, 66815], [71253, 86399]]",7.0,,,,,"[[5903, 35623]]"
p599,p,4,2,"[[0, 1823], [12625, 86399]]","[[0, 19717], [21749, 29975], [35147, 86399]]",2.0,,,,,"[[5763, 35353]]"
p600,p,2,3,"[[0, 45273], [49287, 51367], [53718, 67875], [72316, 86399]]","[[0, 18138], [20310, 60701], [62722, 64026], [67039, 86399]]",6.0,,,,,"[[8041, 33736]]"
p601,p,4,3,"[[0, 16407], [18209, 23806], [25608, 86399]]","[[0, 40789], [51591, 86399]]",5.0,,,,,"[[5810, 31624]]"
p602,p,3,1,"[[0, 12748], [14909, 31425], [33607, 37120], [39983, 86399]]","[[0, 69630], [76832, 86399]]",6.0,,,,,"[[947, 29609]]"
p603,p,2,3,"[[0, 27262], [31173, 46461], [53354, 86399]]","[[0, 3955], [6112, 48964], [51218, 69376], [72171, 86399]]",2.0,,,,,"[[4133, 30237]]"
p604,p,2,1,"[[0, 51494], [55096, 86399]]","[[0, 8344], [13135, 53934], [59144, 86399]]",5.0,,,,,"[[2158, 31805]]"
p605,p,4,3,"[[0, 73926], [77528, 86399]]","[[0, 27611], [30351, 33403], [41467, 86399]]",3.0,,,,,"[[5722, 34828]]"
p606,p,2,2,"[[0, 66532], [69398, 74873], [80938, 86399]]","[[0, 39733], [43335, 86399]]",8.0,,,,,"[[7529, 35001]]"
p607,p,3,3,"[[0, 50137], [60939, 86399]]","[[0, 6021], [10698, 11273], [14073, 40566], [43895, 86399]]",3.0,,,,,"[[5721, 32563]]"
p608,p,2,0,"[[0, 16375], [23577, 86399]]","[[0, 16598], [27400, 86399]]",8.0,,,,,"[[5166, 30092]]"
p609,p,3,3,"[[0, 70360], [73962, 86399]]","[[0, 17476], [20572, 63286], [67394, 86399]]",4.0,,,,,"[[3150, 31181]]"
p610,p,3,3,"[[0, 59849], [63451, 86399]]","[[0, 18172], [28974, 86399]]",4.0,,,,,"[[5774, 34698]]"
p611,p,2,2,"[[0, 9464], [11266, 18813], [20615, 86399]]","[[0, 11832], [13734, 25980], [34882, 86399]]",5.0,,,,,"[[6755, 32622]]"
p612,p,2,3,"[[0, 56686], [59830, 69393], [73453, 86399]]","[[0, 1410], [3573, 24592], [29633, 86399]]",5.0,,,,,"[[6321, 35790]]"
p613,p,4,1,"[[0, 74503], [81705, 86399]]","[[0, 53131], [56353, 70599], [74581, 86399]]",5.0,,,,,"[[8698, 35539]]"
p614,p,1,0,"[[0, 32950], [38998, 51513], [56184, 86399]]","[[0, 46235], [54954, 86399]]",7.0,,,,,"[[8298, 37903]]"
p615,p,3,3,"[[0, 11626], [16685, 69966], [75711, 86399]]","[[0, 78731], [85933, 86399]]",3.0,,,,,"[[7647, 33467]]"
p616,p,2,3,"[[0, 43675], [47277, 86399]]","[[0, 51819], [55421, 86399]]",7.0,,,,,"[[3296, 29541]]"
p617,p,1,1,"[[0, 28098], [30318, 54914], [57327, 86399]]","[[0, 51542], [62344, 86399]]",5.0,,,,,"[[9578, 35137]]"
p618,p,1,1,"[[0, 18826], [21607, 63507], [71530, 86399]]","[[0, 73380], [80582, 86399]]",8.0,,,,,"[[9332, 34358]]"
p619,p,2,2,"[[0, 14144], [19102, 72794], [78412, 86399]]","[[0, 28843], [31727, 32820], [37140, 86399]]",5.0,,,,,"[[4277, 33541]]"
p620,p,2,1,"[[0, 19373], [21336, 64426], [73267, 86399]]","[[0, 32310], [39512, 86399]]",6.0,,,,,"[[3218, 31602]]"
p621,p,3,2,"[[0, 60920], [64522, 86399]]","[[0, 58619], [60421, 76254], [78056, 86399]]",4.0,,,,,"[[3153, 31462]]"
p622,p,3,2,"[[0, 43702], [46489, 57294], [59164, 76851], [79400, 86399]]","[[0, 41125], [46487, 52847], [54994, 77576], [80873, 86399]]",4.0,,,,,"[[4171, 29915]]"
p623,p,3,2,"[[0, 13717], [16361, 45856], [49663, 54642], [58997, 86399]]","[[0, 5754], [10593, 14972], [20937, 86399]]",3.0,,,,,"[[8584, 33984]]"
p624,p,3,1,"[[0, 16036], [18127, 46024], [51137, 86399]]","[[0, 51239], [62041, 86399]]",6.0,,,,,"[[5704, 32863]]"
p625,p,3,3,"[[0, 9688], [11490, 34173], [35975, 86399]]","[[0, 1164], [3695, 8025], [9904, 73609], [76405, 86399]]",6.0,,,,,"[[4857, 34239]]"
p626,p,1,2,"[[0, 30412], [35274, 36289], [38294, 42451], [46390, 86399]]","[[0, 4860], [15662, 86399]]",6.0,,,,,"[[8854, 36565]]"
p627,p,3,1,"[[0, 8328], [11223, 60684], [63668, 86399]]","[[0, 9910], [13166, 13228], [15149, 67934], [69963, 86399]]",6.0,,,,,"[[5470, 31505]]"
p628,p,4,3,"[[0, 49565], [53137, 78908], [82540, 86399]]","[[0, 15430], [19032, 86399]]",3.0,,,,,"[[3658, 31464]]"
p629,p,3,3,"[[0, 57663], [68465, 86399]]","[[0, 45071], [46873, 57295], [59097, 86399]]",7.0,,,,,"[[8819, 37812]]"
p630,p,2,2,"[[0, 19063], [22448, 33175], [35077, 41871], [43790, 86399]]","[[0, 27497], [32739, 63224], [65375, 69138], [72551, 86399]]",2.0,,,,,"[[7559, 36670]]"
p631,p,1,0,"[[0, 8099], [11094, 17323], [19266, 46888], [49156, 86399]]","[[0, 26074], [27876, 33891], [35693, 86399]]",5.0,,,,,"[[2897, 30898]]"
p632,p,4,2,"[[0, 18843], [22445, 86399]]","[[0, 17590], [19392, 43195], [44997, 86399]]",7.0,,,,,"[[7637, 34248]]"
p633,p,1,3,"[[0, 15953], [18615, 48318], [50627, 79647], [85482, 86399]]","[[0, 24935], [29844, 48736], [54631, 86399]]",7.0,,,,,"[[2686, 29440]]"
p634,p,1,3,"[[0, 47431], [51033, 86399]]","[[0, 9913], [17115, 86399]]",3.0,,,,,"[[4659, 31272]]"
p635,p,3,3,"[[0, 3323], [5125, 35755], [37557, 86399]]","[[0, 25500], [28720, 37548], [40646, 80634], [85122, 86399]]",4.0,,,,,"[[8241, 37110]]"
p636,p,2,3,"[[0, 40756], [43721, 86399]]","[[0, 14436], [18038, 86399]]",4.0,,,,,"[[3883, 29950]]"
p637,p,1,1,"[[0, 12860], [16442, 48925], [52547, 86399]]","[[0, 33087], [43889, 86399]]",8.0,,,,,"[[3484, 28221]]"
p638,p,3,2,"[[0, 18235], [20037, 34594], [36396, 86399]]","[[0, 8439], [10254, 69238], [74627, 86399]]",8.0,,,,,"[[5558, 33449]]"
p639,p,4,3,"[[0, 32978], [35520, 80695], [85357, 86399]]","[[0, 34497], [39438, 68695], [74558, 86399]]",3.0,,,,,"[[7592, 32828]]"
p640,p,2,3,"[[0, 34640], [38242, 86399]]","[[0, 11057], [13464, 18533], [20927, 53907], [56312, 86399]]",5.0,,,,,"[[4040, 32313]]"
p641,p,3,2,"[[0, 2276], [4578, 76729], [81631, 86399]]","[[0, 19321], [24595, 41895], [44448, 44479], [47458, 86399]]",7.0,,,,,"[[3323, 32551]]"
p642,p,1,1,"[[0, 35108], [36910, 42047], [43849, 86399]]","[[0, 55313], [66115, 86399]]",8.0,,,,,"[[8252, 34346]]"
p643,p,2,1,"[[0, 40093], [41895, 67278], [69080, 86399]]","[[0, 39754], [41556, 73124], [74926, 86399]]",6.0,,,,,"[[3026, 28298]]"
p644,p,3,2,"[[0, 52960], [61736, 86399]]","[[0, 20781], [24048, 66771], [68617, 70110], [72203, 86399]]",4.0,,,,,"[[1389, 30035]]"
p645,p,4,1,"[[0, 59502], [63144, 71188], [78350, 86399]]","[[0, 35353], [39601, 76365], [81093, 86399]]",7.0,,,,,"[[4194, 31153]]"
p646,p,2,3,"[[0, 67160], [70762, 86399]]","[[0, 32168], [35770, 86399]]",2.0,,,,,"[[7595, 33314]]"
p647,p,3,3,"[[0, 39250], [42852, 86399]]","[[0, 41828], [46128, 63772], [66847, 76115], [79546, 86399]]",2.0,,,,,"[[6639, 35004]]"
p648,p,2,2,"[[0, 53632], [57234, 86399]]","[[0, 8234], [10871, 30997], [33347, 49355], [55174, 86399]]",7.0,,,,,"[[8872, 37680]]"
p649,p,4,3,"[[0, 31572], [34902, 43244], [49218, 86399]]","[[0, 42065], [45235, 54120], [56982, 79523], [84297, 86399]]",3.0,,,,,"[[1949, 30188]]"
p650,p,3,3,"[[0, 34379], [37505, 64183], [71861, 86399]]","[[0, 55392], [58994, 86399]]",4.0,,,,,"[[1778, 28893]]"
p651,p,3,1,"[[0, 9181], [13446, 50922], [57461, 86399]]","[[0, 1237], [5689, 36825], [38875, 44839], [49143, 86399]]",6.0,,,,,"[[4621, 33293]]"
p652,p,1,1,"[[0, 20306], [22647, 33902], [38765, 86399]]","[[0, 42710], [44512, 66645], [68447, 86399]]",7.0,,,,,"[[8883, 34427]]"
p653,p,3,2,"[[0, 31509], [42311, 86399]]","[[0, 79], [4551, 8915], [13810, 86399]]",4.0,,,,,"[[8296, 36977]]"
p654,p,2,3,"[[0, 14261], [17105, 36975], [39857, 54702], [59782, 86399]]","[[0, 10253], [17455, 86399]]",2.0,,,,,"[[4935, 32305]]"
p655,p,3,1,"[[0, 1360], [12162, 86399]]","[[0, 11891], [13693, 44382], [46184, 86399]]",2.0,,,,,"[[6351, 31873]]"
p656,p,4,0,"[[0, 11887], [19089, 86399]]","[[0, 45282], [48884, 86399]]",8.0,,,,,"[[6857, 36611]]"
p657,p,3,2,"[[0, 13626], [18344, 36716], [38521, 62223], [66506, 86399]]","[[0, 17570], [19372, 75817], [77619, 86399]]",5.0,,,,,"[[3657, 31748]]"
p658,p,2,3,"[[0, 28022], [29824, 61814], [63616, 86399]]","[[0, 3157], [6742, 8143], [9952, 47415], [49227, 86399]]",6.0,,,,,"[[8287, 33539]]"
p659,p,3,2,"[[0, 51126], [54728, 86399]]","[[0, 748], [4346, 21724], [23528, 36228], [38032, 86399]]",7.0,,,,,"[[4991, 33304]]"
p660,p,1,2,"[[0, 243], [11045, 86399]]","[[0, 25520], [27872, 35142], [37161, 53258], [59693, 86399]]",8.0,,,,,"[[7205, 35150]]"
p661,p,2,2,"[[0, 2706], [4508, 33702], [35504, 86399]]","[[0, 1061], [4651, 52088], [53894, 80479], [82289, 86399]]",8.0,,,,,"[[5331, 34272]]"
p662,p,1,1,"[[0, 37974], [41576, 86399]]","[[0, 17432], [19234, 57168], [58970, 86399]]",5.0,,,,,"[[2786, 30033]]"
p663,p,3,0,"[[0, 12832], [16593, 55605], [62648, 86399]]","[[0, 24094], [27696, 86399]]",4.0,,,,,"[[3279, 29070]]"
p664,p,4,3,"[[0, 41464], [43266, 51202], [53004, 86399]]","[[0, 17423], [28225, 86399]]",6.0,,,,,"[[2391, 31825]]"
p665,p,1,1,"[[0, 5185], [10582, 27302], [32709, 86399]]","[[0, 22864], [26977, 54702], [60280, 86399]]",8.0,,,,,"[[7711, 35717]]"
p666,p,4,1,"[[0, 26054], [28639, 45787], [47719, 83013], [85702, 86399]]","[[0, 44849], [46651, 50224], [52026, 86399]]",2.0,,,,,"[[9929, 35733]]"
p667,p,3,1,"[[0, 658], [2460, 72571], [74373, 86399]]","[[0, 3727], [7602, 53859], [60788, 86399]]",5.0,,,,,"[[4165, 32314]]"
p668,p,1,2,"[[0, 33750], [40952, 86399]]","[[0, 37928], [45130, 86399]]",2.0,,,,,"[[7289, 34421]]"
p669,p,1,2,"[[0, 35051], [36853, 55698], [57500, 86399]]","[[0, 32961], [36563, 86399]]",3.0,,,,,"[[8591, 33489]]"
p670,p,1,3,"[[0, 6342], [8144, 49470], [51272, 86399]]","[[0, 28000], [29802, 33127], [34929, 86399]]",8.0,,,,,"[[772, 29735]]"
p671,p,2,1,"[[0, 259], [3599, 8927], [11777, 26936], [31552, 86399]]","[[0, 18627], [21475, 44542], [48898, 86399]]",7.0,,,,,"[[5321, 34927]]"
p672,p,3,3,"[[0, 44126], [45928, 83054], [84856, 86399]]","[[0, 34294], [38660, 42274], [45015, 86399]]",5.0,,,,,"[[9530, 36239]]"
p673,p,1,2,"[[0, 31228], [33030, 34712], [36514, 86399]]","[[0, 33680], [44482, 86399]]",7.0,,,,,"[[7469, 33801]]"
p674,p,4,1,"[[0, 71457], [75059, 86399]]","[[0, 14758], [18072, 31980], [39470, 86399]]",8.0,,,,,"[[1094, 30154]]"
p675,p,2,1,"[[0, 10934], [12771, 17936], [20438, 45014], [47881, 86399]]","[[0, 37518], [39320, 47965], [49767, 86399]]",3.0,,,,,"[[4508, 34208]]"
p676,p,4,1,"[[0, 56773], [58575, 83015], [84817, 86399]]","[[0, 45014], [47531, 49975], [52295, 55510], [57879, 86399]]",5.0,,,,,"[[10226, 35201]]"
p677,p,2,2,"[[0, 28244], [30046, 50920], [52722, 86399]]","[[0, 33302], [44104, 86399]]",6.0,,,,,"[[6136, 33583]]"
p678,p,4,1,"[[0, 37952], [45154, 86399]]","[[0, 12117], [15719, 86399]]",4.0,,,,,"[[4311, 31445]]"
p679,p,1,1,"[[0, 2683], [6194, 33602], [40895, 86399]]","[[0, 41386], [44619, 48921], [50738, 71324], [73480, 86399]]",2.0,,,,,"[[3786, 32030]]"
p680,p,2,1,"[[0, 14937], [17747, 62351], [67284, 86399]]","[[0, 13869], [16519, 29312], [33866, 86399]]",6.0,,,,,"[[4566, 29696]]"
p681,p,3,2,"[[0, 6697], [9334, 23468], [31635, 86399]]","[[0, 20109], [23485, 55181], [62609, 86399]]",5.0,,,,,"[[3220, 30751]]"
p682,p,2,1,"[[0, 33177], [38150, 44411], [47191, 56450], [59503, 86399]]","[[0, 2585], [4387, 77574], [79376, 86399]]",4.0,,,,,"[[3903, 33250]]"
p683,p,3,0,"[[0, 14664], [19990, 21597], [23986, 73120], [76211, 86399]]","[[0, 9023], [12010, 18753], [20595, 60366], [62743, 86399]]",2.0,,,,,"[[7024, 34432]]"
p684,p,3,3,"[[0, 21716], [23518, 59281], [61083, 86399]]","[[0, 32443], [37444, 41644], [47447, 86399]]",4.0,,,,,"[[6772, 34147]]"
p685,p,4,1,"[[0, 24198], [27444, 50840], [52675, 79450], [81575, 86399]]","[[0, 14863], [18300, 24532], [26336, 33546], [35511, 86399]]",8.0,,,,,"[[5112, 34521]]"
p686,p,1,0,"[[0, 13645], [15820, 70940], [75969, 86399]]","[[0, 64070], [74872, 86399]]",2.0,,,,,"[[8638, 33647]]"
p687,p,2,2,"[[0, 3139], [6448, 15112], [22607, 86399]]","[[0, 54070], [56625, 76782], [79381, 86399]]",6.0,,,,,"[[2877, 28320]]"
p688,p,2,1,"[[0, 44563], [47911, 56744], [58548, 77305], [79359, 86399]]","[[0, 22690], [26436, 48516], [53590, 86399]]",4.0,,,,,"[[8736, 34447]]"
p689,p,1,0,"[[0, 6547], [8349, 48513], [50315, 86399]]","[[0, 26802], [34004, 86399]]",6.0,,,,,"[[3038, 30317]]"
p690,p,3,1,"[[0, 32036], [35740, 52383], [55686, 63481], [67280, 86399]]","[[0, 15283], [18745, 54605], [58347, 86399]]",3.0,,,,,"[[9185, 36409]]"
p691,p,1,1,"[[0, 3872], [11940, 86399]]","[[0, 15819], [17621, 18879], [20681, 86399]]",5.0,,,,,"[[3392, 32688]]"
p692,p,2,1,"[[0, 56897], [60499, 86399]]","[[0, 10248], [12050, 61513], [63315, 86399]]",5.0,,,,,"[[1460, 31097]]"
p693,p,3,0,"[[0, 17041], [20653, 39608], [42324, 55032], [59510, 86399]]","[[0, 24742], [27910, 43993], [45929, 78785], [80887, 86399]]",7.0,,,,,"[[5452, 34278]]"
p694,p,3,2,"[[0, 7906], [9959, 17047], [18925, 33679], [36954, 86399]]","[[0, 23209], [25127, 37790], [43076, 86399]]",5.0,,,,,"[[6256, 34440]]"
p695,p,2,0,"[[0, 67774], [74976, 86399]]","[[0, 26146], [29748, 86399]]",2.0,,,,,"[[6651, 32315]]"
p696,p,2,1,"[[0, 11648], [15250, 86399]]","[[0, 17208], [24410, 86399]]",5.0,,,,,"[[6955, 31777]]"
p697,p,1,0,"[[0, 42845], [50694, 86399]]","[[0, 70374], [73976, 86399]]",3.0,,,,,"[[8033, 36420]]"
p698,p,2,3,"[[0, 31882], [35484, 86399]]","[[0, 44095], [45897, 81562], [83364, 86399]]",5.0,,,,,"[[7024, 35566]]"
p699,p,2,2,"[[0, 590], [11392, 86399]]","[[0, 20001], [23439, 27096], [28962, 49466], [51368, 86399]]",5.0,,,,,"[[6416, 36184]]"
p700,p,2,0,"[[0, 23318], [26297, 27969], [29856, 46485], [48825, 86399]]","[[0, 11584], [14354, 59343], [63777, 86399]]",2.0,,,,,"[[5977, 35110]]"
a001,a,1,0,"[[0, 86399]]","[[0, 57393], [59434, 61441], [64971, 65478], [70713, 86399]]",20.0,,,,,"[[4552, 33546]]"
a002,a,1,0,"[[0, 86399]]","[[0, 47181], [51679, 79973], [84015, 86399]]",20.0,,,,,"[[9319, 35022]]"
a003,a,1,0,"[[0, 86399]]","[[0, 17074], [20755, 71312], [78435, 86399]]",20.0,,,,,"[[8812, 35048]]"
a004,a,1,0,"[[0, 86399]]","[[0, 28088], [33268, 33637], [37473, 86399]]",20.0,,,,,"[[6878, 33622]]"
a005,a,1,0,"[[0, 86399]]","[[0, 34328], [45130, 86399]]",20.0,,,,,"[[5479, 31179]]"
a006,a,1,0,"[[0, 86399]]","[[0, 16667], [18677, 51407], [53918, 60598], [63283, 86399]]",20.0,,,,,"[[6398, 33141]]"
a007,a,1,0,"[[0, 86399]]","[[0, 71858], [75460, 86399]]",20.0,,,,,"[[3514, 30743]]"
a008,a,1,0,"[[0, 86399]]","[[0, 34262], [36064, 75841], [77643, 86399]]",20.0,,,,,"[[1671, 30664]]"
a009,a,1,0,"[[0, 86399]]","[[0, 3690], [5492, 82218], [84020, 86399]]",20.0,,,,,"[[4520, 33098]]"
a010,a,1,0,"[[0, 86399]]","[[0, 16024], [18476, 70419], [75171, 86399]]",20.0,,,,,"[[7399, 33101]]"
a011,a,1,0,"[[0, 86399]]","[[0, 44371], [49078, 60367], [62569, 72897], [76794, 86399]]",20.0,,,,,"[[4958, 31700]]"
a012,a,1,0,"[[0, 86399]]","[[0, 27429], [31031, 86399]]",20.0,,,,,"[[2151, 31144]]"
a013,a,1,0,"[[0, 86399]]","[[0, 25675], [28799, 41622], [43526, 53496], [55674, 86399]]",20.0,,,,,"[[6952, 35947]]"
a014,a,1,0,"[[0, 86399]]","[[0, 49475], [51277, 76310], [78112, 86399]]",20.0,,,,,"[[2599, 28297]]"
a015,a,1,0,"[[0, 86399]]","[[0, 55694], [62896, 86399]]",20.0,,,,,"[[3037, 29779]]"
a016,a,1,0,"[[0, 86399]]","[[0, 18662], [20464, 63702], [65504, 86399]]",20.0,,,,,"[[5914, 33145]]"
a017,a,1,0,"[[0, 86399]]","[[0, 9557], [13017, 14139], [16001, 57262], [59146, 86399]]",20.0,,,,,"[[6394, 33625]]"
a018,a,1,0,"[[0, 86399]]","[[0, 25974], [29576, 86399]]",20.0,,,,,"[[8794, 36026]]"
a019,a,1,0,"[[0, 86399]]","[[0, 2676], [4634, 48644], [50605, 71636], [74923, 86399]]",20.0,,,,,"[[6959, 32100]]"
a020,a,1,0,"[[0, 86399]]","[[0, 6302], [9788, 13829], [15650, 20626], [22525, 86399]]",20.0,,,,,"[[7840, 35539]]"
a021,a,1,0,"[[0, 86399]]","[[0, 36513], [47315, 86399]]",20.0,,,,,"[[6472, 35467]]"
a022,a,1,0,"[[0, 86399]]","[[0, 5760], [8599, 11848], [13787, 41626], [44054, 86399]]",20.0,,,,,"[[9280, 36980]]"
a023,a,1,0,"[[0, 86399]]","[[0, 58914], [62516, 86399]]",20.0,,,,,"[[7471, 36868]]"
a024,a,1,0,"[[0, 86399]]","[[0, 44814], [55616, 86399]]",20.0,,,,,"[[9772, 36009]]"
a025,a,1,0,"[[0, 86399]]","[[0, 6199], [8001, 56622], [58424, 86399]]",20.0,,,,,"[[6880, 34579]]"
a026,a,1,0,"[[0, 86399]]","[[0, 34601], [37182, 40093], [44716, 86399]]",20.0,,,,,"[[8816, 36964]]"
a027,a,1,0,"[[0, 86399]]","[[0, 16021], [19260, 46644], [48532, 51155], [53234, 86399]]",20.0,,,,,"[[10279, 35982]]"
a028,a,1,0,"[[0, 86399]]","[[0, 49607], [51409, 70602], [72404, 86399]]",20.0,,,,,"[[4072, 33065]]"
a029,a,1,0,"[[0, 86399]]","[[0, 22494], [25726, 50147], [55946, 86399]]",20.0,,,,,"[[7952, 37348]]"
a030,a,1,0,"[[0, 86399]]","[[0, 22204], [24006, 37376], [39178, 86399]]",20.0,,,,,"[[7912, 36907]]"
a031,a,1,0,"[[0, 86399]]","[[0, 12239], [15660, 69580], [73363, 86399]]",20.0,,,,,"[[9839, 34982]]"
a032,a,1,0,"[[0, 86399]]","[[0, 35857], [37709, 42604], [47956, 86399]]",20.0,,,,,"[[5918, 32661]]"
a033,a,1,0,"[[0, 86399]]","[[0, 30139], [33741, 86399]]",20.0,,,,,"[[5932, 32166]]"
a034,a,1,0,"[[0, 86399]]","[[0, 44568], [48911, 58991], [64948, 86399]]",20.0,,,,,"[[7879, 33581]]"
a035,a,1,0,"[[0, 86399]]","[[0, 27276], [38078, 86399]]",20.0,,,,,"[[1711, 31105]]"
a036,a,1,0,"[[0, 86399]]","[[0, 68233], [75435, 86399]]",20.0,,,,,"[[9799, 35502]]"
a037,a,1,0,"[[0, 86399]]","[[0, 6831], [10433, 86399]]",20.0,,,,,"[[3559, 29258]]"
a038,a,1,0,"[[0, 86399]]","[[0, 59743], [62106, 74843], [76685, 86399]]",20.0,,,,,"[[7852, 34087]]"
a039,a,1,0,"[[0, 86399]]","[[0, 37344], [44546, 86399]]",20.0,,,,,"[[6479, 31620]]"
a040,a,1,0,"[[0, 86399]]","[[0, 8805], [11804, 47085], [48903, 60733], [63122, 86399]]",20.0,,,,,"[[7372, 33607]]"
a041,a,1,0,"[[0, 86399]]","[[0, 4760], [8019, 12327], [14220, 79250], [81304, 86399]]",20.0,,,,,"[[2632, 31625]]"
a042,a,1,0,"[[0, 86399]]","[[0, 19584], [22723, 73163], [75743, 80451], [85538, 86399]]",20.0,,,,,"[[4591, 33986]]"
a043,a,1,0,"[[0, 86399]]","[[0, 28834], [36036, 86399]]",20.0,,,,,"[[6031, 35427]]"
a044,a,1,0,"[[0, 86399]]","[[0, 37999], [48801, 86399]]",20.0,,,,,"[[6400, 34099]]"
a045,a,1,0,"[[0, 86399]]","[[0, 42181], [45770, 55280], [58014, 67991], [72474, 86399]]",20.0,,,,,"[[2191, 31585]]"
a046,a,1,0,"[[0, 86399]]","[[0, 12586], [17534, 63895], [67928, 86399]]",20.0,,,,,"[[8392, 37388]]"
a047,a,1,0,"[[0, 86399]]","[[0, 5804], [7606, 7651], [9453, 86399]]",20.0,,,,,"[[5434, 32664]]"
a048,a,1,0,"[[0, 86399]]","[[0, 57011], [60540, 79882], [83557, 86399]]",20.0,,,,,"[[4040, 32617]]"
a049,a,1,0,"[[0, 86399]]","[[0, 37688], [39896, 46891], [52946, 86399]]",20.0,,,,,"[[7838, 34582]]"
a050,a,1,0,"[[0, 86399]]","[[0, 71757], [77932, 86399]]",20.0,,,,,"[[3532, 29765]]"
ap001,ap,4,0,"[[0, 86399]]","[[0, 9617], [20419, 86399]]",10.0,,,,,"[[5230, 34530]]"
ap002,ap,2,0,"[[0, 86399]]","[[0, 32845], [36283, 53146], [56912, 86399]]",10.0,,,,,"[[5083, 32001]]"
ap003,ap,3,0,"[[0, 86399]]","[[0, 39555], [43157, 86399]]",10.0,,,,,"[[8390, 33357]]"
ap004,ap,2,0,"[[0, 86399]]","[[0, 41636], [43438, 50558], [52360, 86399]]",10.0,,,,,"[[7111, 33213]]"
ap005,ap,4,0,"[[0, 86399]]","[[0, 15026], [16828, 31960], [33762, 86399]]",10.0,,,,,"[[3858, 32446]]"
ap006,ap,2,0,"[[0, 86399]]","[[0, 64490], [67331, 75867], [80230, 86399]]",10.0,,,,,"[[7399, 35004]]"
ap007,ap,4,0,"[[0, 86399]]","[[0, 2618], [5819, 47341], [49165, 57743], [59924, 86399]]",10.0,,,,,"[[8484, 37121]]"
ap008,ap,4,0,"[[0, 86399]]","[[0, 7666], [9468, 69664], [71466, 86399]]",10.0,,,,,"[[6861, 32926]]"
ap009,ap,1,0,"[[0, 86399]]","[[0, 12629], [23431, 86399]]",10.0,,,,,"[[1231, 30428]]"
ap010,ap,3,0,"[[0, 86399]]","[[0, 15529], [18147, 64565], [69151, 86399]]",10.0,,,,,"[[8985, 34734]]"
ap011,ap,1,0,"[[0, 86399]]","[[0, 21737], [28939, 86399]]",10.0,,,,,"[[2010, 30048]]"
ap012,ap,2,0,"[[0, 86399]]","[[0, 24624], [26426, 56757], [58559, 86399]]",10.0,,,,,"[[2644, 30615]]"
ap013,ap,1,0,"[[0, 86399]]","[[0, 11090], [14851, 65362], [72405, 86399]]",10.0,,,,,"[[6973, 36623]]"
ap014,ap,4,0,"[[0, 86399]]","[[0, 32714], [36638, 38607], [41035, 42213], [46667, 86399]]",10.0,,,,,"[[5110, 30430]]"
ap015,ap,1,0,"[[0, 86399]]","[[0, 70893], [73806, 86399]]",10.0,,,,,"[[8501, 34633]]"
ap016,ap,1,0,"[[0, 86399]]","[[0, 5412], [7483, 50645], [53690, 63507], [69197, 86399]]",10.0,,,,,"[[5666, 31641]]"
ap017,ap,1,0,"[[0, 86399]]","[[0, 2612], [4533, 62791], [68074, 86399]]",10.0,,,,,"[[6968, 35700]]"
ap018,ap,1,0,"[[0, 86399]]","[[0, 296], [3898, 86399]]",10.0,,,,,"[[9305, 36699]]"
ap019,ap,2,0,"[[0, 86399]]","[[0, 55757], [58012, 75494], [80443, 86399]]",10.0,,,,,"[[5063, 30760]]"
ap020,ap,3,0,"[[0, 86399]]","[[0, 7332], [10686, 54065], [56124, 62812], [68205, 86399]]",10.0,,,,,"[[10322, 35515]]"
ap021,ap,4,0,"[[0, 86399]]","[[0, 20531], [22457, 66618], [69703, 75754], [81549, 86399]]",10.0,,,,,"[[2439, 31699]]"
ap022,ap,4,0,"[[0, 86399]]","[[0, 8377], [11482, 33333], [35159, 48002], [50277, 86399]]",10.0,,,,,"[[3137, 32406]]"
ap023,ap,1,0,"[[0, 86399]]","[[0, 30814], [33980, 60290], [64328, 86399]]",10.0,,,,,"[[2241, 29016]]"
ap024,ap,4,0,"[[0, 86399]]","[[0, 24655], [28942, 38097], [40069, 71501], [76048, 86399]]",10.0,,,,,"[[3554, 33220]]"
ap025,ap,3,0,"[[0, 86399]]","[[0, 47134], [54336, 86399]]",10.0,,,,,"[[4798, 31261]]"
ap026,ap,2,0,"[[0, 86399]]","[[0, 76536], [80138, 86399]]",10.0,,,,,"[[5467, 34546]]"
ap027,ap,4,0,"[[0, 86399]]","[[0, 60795], [67997, 86399]]",10.0,,,,,"[[4742, 31111]]"
ap028,ap,4,0,"[[0, 86399]]","[[0, 77825], [81427, 86399]]",10.0,,,,,"[[1947, 29906]]"
ap029,ap,1,0,"[[0, 86399]]","[[0, 70905], [81707, 86399]]",10.0,,,,,"[[5462, 35196]]"
ap030,ap,3,0,"[[0, 86399]]","[[0, 18176], [21105, 31698], [35973, 86399]]",10.0,,,,,"[[7732, 36546]]"
ap031,ap,3,0,"[[0, 86399]]","[[0, 21906], [23708, 42189], [43991, 86399]]",10.0,,,,,"[[4327, 33412]]"
ap032,ap,1,0,"[[0, 86399]]","[[0, 27474], [31076, 86399]]",10.0,,,,,"[[8885, 33936]]"
ap033,ap,3,0,"[[0, 86399]]","[[0, 8971], [12354, 71873], [73781, 78815], [80730, 86399]]",10.0,,,,,"[[1697, 29336]]"
ap034,ap,1,0,"[[0, 86399]]","[[0, 33102], [43904, 86399]]",10.0,,,,,"[[4214, 30849]]"
ap035,ap,2,0,"[[0, 86399]]","[[0, 20958], [31760, 86399]]",10.0,,,,,"[[1201, 29891]]"
ap036,ap,4,0,"[[0, 86399]]","[[0, 7830], [9632, 31695], [33497, 86399]]",10.0,,,,,"[[5707, 34560]]"
ap037,ap,4,0,"[[0, 86399]]","[[0, 15597], [22799, 86399]]",10.0,,,,,"[[3484, 33085]]"
ap038,ap,1,0,"[[0, 86399]]","[[0, 44439], [47135, 50282], [54790, 86399]]",10.0,,,,,"[[2763, 32116]]"
ap039,ap,1,0,"[[0, 86399]]","[[0, 6755], [9217, 58889], [67231, 86399]]",10.0,,,,,"[[5524, 31657]]"
ap040,ap,2,0,"[[0, 86399]]","[[0, 13149], [23951, 86399]]",10.0,,,,,"[[7067, 36372]]"
ap041,ap,2,0,"[[0, 86399]]","[[0, 82421], [86023, 86399]]",10.0,,,,,"[[8933, 34093]]"
ap042,ap,2,0,"[[0, 86399]]","[[0, 49703], [54135, 68213], [74585, 86399]]",10.0,,,,,"[[4414, 33813]]"
ap043,ap,1,0,"[[0, 86399]]","[[0, 44913], [52115, 86399]]",10.0,,,,,"[[6952, 32757]]"
ap044,ap,4,0,"[[0, 86399]]","[[0, 43985], [54787, 86399]]",10.0,,,,,"[[7655, 36134]]"
ap045,ap,1,0,"[[0, 86399]]","[[0, 15274], [19508, 30759], [32926, 44349], [48754, 86399]]",10.0,,,,,"[[2243, 28242]]"
ap046,ap,2,0,"[[0, 86399]]","[[0, 37143], [41028, 44198], [50582, 86399]]",10.0,,,,,"[[4271, 30997]]"
ap047,ap,1,0,"[[0, 86399]]","[[0, 30552], [32354, 46967], [48769, 86399]]",10.0,,,,,"[[7299, 37038]]"
ap048,ap,1,0,"[[0, 86399]]","[[0, 44180], [54982, 86399]]",10.0,,,,,"[[7082, 35429]]"
ap049,ap,1,0,"[[0, 86399]]","[[0, 15393], [17195, 60087], [61889, 86399]]",10.0,,,,,"[[3856, 33376]]"
ap050,ap,4,0,"[[0, 86399]]","[[0, 70323], [73925, 86399]]",10.0,,,,,"[[4020, 30711]]"
aa001,aa,1,0,"[[0, 86399]]","[[0, 24956], [27345, 61959], [64028, 67807], [70555, 86399]]",20.0,,,,,"[[8314, 35546]]"
aa002,aa,1,0,"[[0, 86399]]","[[0, 56660], [60262, 86399]]",20.0,,,,,"[[9278, 36023]]"
aa003,aa,1,0,"[[0, 86399]]","[[0, 25193], [27574, 50831], [53341, 67887], [73802, 86399]]",20.0,,,,,"[[7400, 35979]]"
aa004,aa,1,0,"[[0, 86399]]","[[0, 61006], [63174, 70014], [75050, 86399]]",20.0,,,,,"[[5999, 31140]]"
aa005,aa,1,0,"[[0, 86399]]","[[0, 43654], [45678, 54814], [59471, 86399]]",20.0,,,,,"[[5519, 30660]]"
gs001,gs,,,,,,20,10,2.0,2.5,
gs002,gs,,,,,,20,10,2.0,2.5,
gs003,gs,,,,,,20,10,2.0,2.5,
gs004,gs,,,,,,20,10,2.0,2.5,
gs005,gs,,,,,,20,10,2.0,2.5,
